{
    "name": "HEX inverter",
    "boxes": [{
        "name": "not",
        "category": "gate",
        "transform": {
            "items": [{
                "name": "translate",
                "args": [44, 3]
            }]
        },
        "connections": []
    }, {
        "name": "not",
        "category": "gate",
        "transform": {
            "items": [{
                "name": "translate",
                "args": [44, 8]
            }]
        },
        "connections": []
    }, {
        "name": "not",
        "category": "gate",
        "transform": {
            "items": [{
                "name": "translate",
                "args": [44, 13]
            }]
        },
        "connections": []
    }, {
        "name": "not",
        "category": "gate",
        "transform": {
            "items": [{
                "name": "translate",
                "args": [44, 18]
            }]
        },
        "connections": []
    }, {
        "name": "not",
        "category": "gate",
        "transform": {
            "items": [{
                "name": "translate",
                "args": [44, 23]
            }]
        },
        "connections": []
    }, {
        "name": "not",
        "category": "gate",
        "transform": {
            "items": [{
                "name": "translate",
                "args": [44, 28]
            }]
        },
        "connections": []
    }],
    "blackbox": {
        "name": "HEX INVERT",
        "inputs": 6,
        "outputs": 6,
        "table": [
            [0, 0, 0, 0, 0, 0, 1, 1, 1, 1, 1, 1],
            [0, 0, 0, 0, 0, 1, 1, 1, 1, 1, 1, 0],
            [0, 0, 0, 0, 0, 2, 1, 1, 1, 1, 1, 2],
            [0, 0, 0, 0, 1, 0, 1, 1, 1, 1, 0, 1],
            [0, 0, 0, 0, 1, 1, 1, 1, 1, 1, 0, 0],
            [0, 0, 0, 0, 1, 2, 1, 1, 1, 1, 0, 2],
            [0, 0, 0, 0, 2, 0, 1, 1, 1, 1, 2, 1],
            [0, 0, 0, 0, 2, 1, 1, 1, 1, 1, 2, 0],
            [0, 0, 0, 0, 2, 2, 1, 1, 1, 1, 2, 2],
            [0, 0, 0, 1, 0, 0, 1, 1, 1, 0, 1, 1],
            [0, 0, 0, 1, 0, 1, 1, 1, 1, 0, 1, 0],
            [0, 0, 0, 1, 0, 2, 1, 1, 1, 0, 1, 2],
            [0, 0, 0, 1, 1, 0, 1, 1, 1, 0, 0, 1],
            [0, 0, 0, 1, 1, 1, 1, 1, 1, 0, 0, 0],
            [0, 0, 0, 1, 1, 2, 1, 1, 1, 0, 0, 2],
            [0, 0, 0, 1, 2, 0, 1, 1, 1, 0, 2, 1],
            [0, 0, 0, 1, 2, 1, 1, 1, 1, 0, 2, 0],
            [0, 0, 0, 1, 2, 2, 1, 1, 1, 0, 2, 2],
            [0, 0, 0, 2, 0, 0, 1, 1, 1, 2, 1, 1],
            [0, 0, 0, 2, 0, 1, 1, 1, 1, 2, 1, 0],
            [0, 0, 0, 2, 0, 2, 1, 1, 1, 2, 1, 2],
            [0, 0, 0, 2, 1, 0, 1, 1, 1, 2, 0, 1],
            [0, 0, 0, 2, 1, 1, 1, 1, 1, 2, 0, 0],
            [0, 0, 0, 2, 1, 2, 1, 1, 1, 2, 0, 2],
            [0, 0, 0, 2, 2, 0, 1, 1, 1, 2, 2, 1],
            [0, 0, 0, 2, 2, 1, 1, 1, 1, 2, 2, 0],
            [0, 0, 0, 2, 2, 2, 1, 1, 1, 2, 2, 2],
            [0, 0, 1, 0, 0, 0, 1, 1, 0, 1, 1, 1],
            [0, 0, 1, 0, 0, 1, 1, 1, 0, 1, 1, 0],
            [0, 0, 1, 0, 0, 2, 1, 1, 0, 1, 1, 2],
            [0, 0, 1, 0, 1, 0, 1, 1, 0, 1, 0, 1],
            [0, 0, 1, 0, 1, 1, 1, 1, 0, 1, 0, 0],
            [0, 0, 1, 0, 1, 2, 1, 1, 0, 1, 0, 2],
            [0, 0, 1, 0, 2, 0, 1, 1, 0, 1, 2, 1],
            [0, 0, 1, 0, 2, 1, 1, 1, 0, 1, 2, 0],
            [0, 0, 1, 0, 2, 2, 1, 1, 0, 1, 2, 2],
            [0, 0, 1, 1, 0, 0, 1, 1, 0, 0, 1, 1],
            [0, 0, 1, 1, 0, 1, 1, 1, 0, 0, 1, 0],
            [0, 0, 1, 1, 0, 2, 1, 1, 0, 0, 1, 2],
            [0, 0, 1, 1, 1, 0, 1, 1, 0, 0, 0, 1],
            [0, 0, 1, 1, 1, 1, 1, 1, 0, 0, 0, 0],
            [0, 0, 1, 1, 1, 2, 1, 1, 0, 0, 0, 2],
            [0, 0, 1, 1, 2, 0, 1, 1, 0, 0, 2, 1],
            [0, 0, 1, 1, 2, 1, 1, 1, 0, 0, 2, 0],
            [0, 0, 1, 1, 2, 2, 1, 1, 0, 0, 2, 2],
            [0, 0, 1, 2, 0, 0, 1, 1, 0, 2, 1, 1],
            [0, 0, 1, 2, 0, 1, 1, 1, 0, 2, 1, 0],
            [0, 0, 1, 2, 0, 2, 1, 1, 0, 2, 1, 2],
            [0, 0, 1, 2, 1, 0, 1, 1, 0, 2, 0, 1],
            [0, 0, 1, 2, 1, 1, 1, 1, 0, 2, 0, 0],
            [0, 0, 1, 2, 1, 2, 1, 1, 0, 2, 0, 2],
            [0, 0, 1, 2, 2, 0, 1, 1, 0, 2, 2, 1],
            [0, 0, 1, 2, 2, 1, 1, 1, 0, 2, 2, 0],
            [0, 0, 1, 2, 2, 2, 1, 1, 0, 2, 2, 2],
            [0, 0, 2, 0, 0, 0, 1, 1, 2, 1, 1, 1],
            [0, 0, 2, 0, 0, 1, 1, 1, 2, 1, 1, 0],
            [0, 0, 2, 0, 0, 2, 1, 1, 2, 1, 1, 2],
            [0, 0, 2, 0, 1, 0, 1, 1, 2, 1, 0, 1],
            [0, 0, 2, 0, 1, 1, 1, 1, 2, 1, 0, 0],
            [0, 0, 2, 0, 1, 2, 1, 1, 2, 1, 0, 2],
            [0, 0, 2, 0, 2, 0, 1, 1, 2, 1, 2, 1],
            [0, 0, 2, 0, 2, 1, 1, 1, 2, 1, 2, 0],
            [0, 0, 2, 0, 2, 2, 1, 1, 2, 1, 2, 2],
            [0, 0, 2, 1, 0, 0, 1, 1, 2, 0, 1, 1],
            [0, 0, 2, 1, 0, 1, 1, 1, 2, 0, 1, 0],
            [0, 0, 2, 1, 0, 2, 1, 1, 2, 0, 1, 2],
            [0, 0, 2, 1, 1, 0, 1, 1, 2, 0, 0, 1],
            [0, 0, 2, 1, 1, 1, 1, 1, 2, 0, 0, 0],
            [0, 0, 2, 1, 1, 2, 1, 1, 2, 0, 0, 2],
            [0, 0, 2, 1, 2, 0, 1, 1, 2, 0, 2, 1],
            [0, 0, 2, 1, 2, 1, 1, 1, 2, 0, 2, 0],
            [0, 0, 2, 1, 2, 2, 1, 1, 2, 0, 2, 2],
            [0, 0, 2, 2, 0, 0, 1, 1, 2, 2, 1, 1],
            [0, 0, 2, 2, 0, 1, 1, 1, 2, 2, 1, 0],
            [0, 0, 2, 2, 0, 2, 1, 1, 2, 2, 1, 2],
            [0, 0, 2, 2, 1, 0, 1, 1, 2, 2, 0, 1],
            [0, 0, 2, 2, 1, 1, 1, 1, 2, 2, 0, 0],
            [0, 0, 2, 2, 1, 2, 1, 1, 2, 2, 0, 2],
            [0, 0, 2, 2, 2, 0, 1, 1, 2, 2, 2, 1],
            [0, 0, 2, 2, 2, 1, 1, 1, 2, 2, 2, 0],
            [0, 0, 2, 2, 2, 2, 1, 1, 2, 2, 2, 2],
            [0, 1, 0, 0, 0, 0, 1, 0, 1, 1, 1, 1],
            [0, 1, 0, 0, 0, 1, 1, 0, 1, 1, 1, 0],
            [0, 1, 0, 0, 0, 2, 1, 0, 1, 1, 1, 2],
            [0, 1, 0, 0, 1, 0, 1, 0, 1, 1, 0, 1],
            [0, 1, 0, 0, 1, 1, 1, 0, 1, 1, 0, 0],
            [0, 1, 0, 0, 1, 2, 1, 0, 1, 1, 0, 2],
            [0, 1, 0, 0, 2, 0, 1, 0, 1, 1, 2, 1],
            [0, 1, 0, 0, 2, 1, 1, 0, 1, 1, 2, 0],
            [0, 1, 0, 0, 2, 2, 1, 0, 1, 1, 2, 2],
            [0, 1, 0, 1, 0, 0, 1, 0, 1, 0, 1, 1],
            [0, 1, 0, 1, 0, 1, 1, 0, 1, 0, 1, 0],
            [0, 1, 0, 1, 0, 2, 1, 0, 1, 0, 1, 2],
            [0, 1, 0, 1, 1, 0, 1, 0, 1, 0, 0, 1],
            [0, 1, 0, 1, 1, 1, 1, 0, 1, 0, 0, 0],
            [0, 1, 0, 1, 1, 2, 1, 0, 1, 0, 0, 2],
            [0, 1, 0, 1, 2, 0, 1, 0, 1, 0, 2, 1],
            [0, 1, 0, 1, 2, 1, 1, 0, 1, 0, 2, 0],
            [0, 1, 0, 1, 2, 2, 1, 0, 1, 0, 2, 2],
            [0, 1, 0, 2, 0, 0, 1, 0, 1, 2, 1, 1],
            [0, 1, 0, 2, 0, 1, 1, 0, 1, 2, 1, 0],
            [0, 1, 0, 2, 0, 2, 1, 0, 1, 2, 1, 2],
            [0, 1, 0, 2, 1, 0, 1, 0, 1, 2, 0, 1],
            [0, 1, 0, 2, 1, 1, 1, 0, 1, 2, 0, 0],
            [0, 1, 0, 2, 1, 2, 1, 0, 1, 2, 0, 2],
            [0, 1, 0, 2, 2, 0, 1, 0, 1, 2, 2, 1],
            [0, 1, 0, 2, 2, 1, 1, 0, 1, 2, 2, 0],
            [0, 1, 0, 2, 2, 2, 1, 0, 1, 2, 2, 2],
            [0, 1, 1, 0, 0, 0, 1, 0, 0, 1, 1, 1],
            [0, 1, 1, 0, 0, 1, 1, 0, 0, 1, 1, 0],
            [0, 1, 1, 0, 0, 2, 1, 0, 0, 1, 1, 2],
            [0, 1, 1, 0, 1, 0, 1, 0, 0, 1, 0, 1],
            [0, 1, 1, 0, 1, 1, 1, 0, 0, 1, 0, 0],
            [0, 1, 1, 0, 1, 2, 1, 0, 0, 1, 0, 2],
            [0, 1, 1, 0, 2, 0, 1, 0, 0, 1, 2, 1],
            [0, 1, 1, 0, 2, 1, 1, 0, 0, 1, 2, 0],
            [0, 1, 1, 0, 2, 2, 1, 0, 0, 1, 2, 2],
            [0, 1, 1, 1, 0, 0, 1, 0, 0, 0, 1, 1],
            [0, 1, 1, 1, 0, 1, 1, 0, 0, 0, 1, 0],
            [0, 1, 1, 1, 0, 2, 1, 0, 0, 0, 1, 2],
            [0, 1, 1, 1, 1, 0, 1, 0, 0, 0, 0, 1],
            [0, 1, 1, 1, 1, 1, 1, 0, 0, 0, 0, 0],
            [0, 1, 1, 1, 1, 2, 1, 0, 0, 0, 0, 2],
            [0, 1, 1, 1, 2, 0, 1, 0, 0, 0, 2, 1],
            [0, 1, 1, 1, 2, 1, 1, 0, 0, 0, 2, 0],
            [0, 1, 1, 1, 2, 2, 1, 0, 0, 0, 2, 2],
            [0, 1, 1, 2, 0, 0, 1, 0, 0, 2, 1, 1],
            [0, 1, 1, 2, 0, 1, 1, 0, 0, 2, 1, 0],
            [0, 1, 1, 2, 0, 2, 1, 0, 0, 2, 1, 2],
            [0, 1, 1, 2, 1, 0, 1, 0, 0, 2, 0, 1],
            [0, 1, 1, 2, 1, 1, 1, 0, 0, 2, 0, 0],
            [0, 1, 1, 2, 1, 2, 1, 0, 0, 2, 0, 2],
            [0, 1, 1, 2, 2, 0, 1, 0, 0, 2, 2, 1],
            [0, 1, 1, 2, 2, 1, 1, 0, 0, 2, 2, 0],
            [0, 1, 1, 2, 2, 2, 1, 0, 0, 2, 2, 2],
            [0, 1, 2, 0, 0, 0, 1, 0, 2, 1, 1, 1],
            [0, 1, 2, 0, 0, 1, 1, 0, 2, 1, 1, 0],
            [0, 1, 2, 0, 0, 2, 1, 0, 2, 1, 1, 2],
            [0, 1, 2, 0, 1, 0, 1, 0, 2, 1, 0, 1],
            [0, 1, 2, 0, 1, 1, 1, 0, 2, 1, 0, 0],
            [0, 1, 2, 0, 1, 2, 1, 0, 2, 1, 0, 2],
            [0, 1, 2, 0, 2, 0, 1, 0, 2, 1, 2, 1],
            [0, 1, 2, 0, 2, 1, 1, 0, 2, 1, 2, 0],
            [0, 1, 2, 0, 2, 2, 1, 0, 2, 1, 2, 2],
            [0, 1, 2, 1, 0, 0, 1, 0, 2, 0, 1, 1],
            [0, 1, 2, 1, 0, 1, 1, 0, 2, 0, 1, 0],
            [0, 1, 2, 1, 0, 2, 1, 0, 2, 0, 1, 2],
            [0, 1, 2, 1, 1, 0, 1, 0, 2, 0, 0, 1],
            [0, 1, 2, 1, 1, 1, 1, 0, 2, 0, 0, 0],
            [0, 1, 2, 1, 1, 2, 1, 0, 2, 0, 0, 2],
            [0, 1, 2, 1, 2, 0, 1, 0, 2, 0, 2, 1],
            [0, 1, 2, 1, 2, 1, 1, 0, 2, 0, 2, 0],
            [0, 1, 2, 1, 2, 2, 1, 0, 2, 0, 2, 2],
            [0, 1, 2, 2, 0, 0, 1, 0, 2, 2, 1, 1],
            [0, 1, 2, 2, 0, 1, 1, 0, 2, 2, 1, 0],
            [0, 1, 2, 2, 0, 2, 1, 0, 2, 2, 1, 2],
            [0, 1, 2, 2, 1, 0, 1, 0, 2, 2, 0, 1],
            [0, 1, 2, 2, 1, 1, 1, 0, 2, 2, 0, 0],
            [0, 1, 2, 2, 1, 2, 1, 0, 2, 2, 0, 2],
            [0, 1, 2, 2, 2, 0, 1, 0, 2, 2, 2, 1],
            [0, 1, 2, 2, 2, 1, 1, 0, 2, 2, 2, 0],
            [0, 1, 2, 2, 2, 2, 1, 0, 2, 2, 2, 2],
            [0, 2, 0, 0, 0, 0, 1, 2, 1, 1, 1, 1],
            [0, 2, 0, 0, 0, 1, 1, 2, 1, 1, 1, 0],
            [0, 2, 0, 0, 0, 2, 1, 2, 1, 1, 1, 2],
            [0, 2, 0, 0, 1, 0, 1, 2, 1, 1, 0, 1],
            [0, 2, 0, 0, 1, 1, 1, 2, 1, 1, 0, 0],
            [0, 2, 0, 0, 1, 2, 1, 2, 1, 1, 0, 2],
            [0, 2, 0, 0, 2, 0, 1, 2, 1, 1, 2, 1],
            [0, 2, 0, 0, 2, 1, 1, 2, 1, 1, 2, 0],
            [0, 2, 0, 0, 2, 2, 1, 2, 1, 1, 2, 2],
            [0, 2, 0, 1, 0, 0, 1, 2, 1, 0, 1, 1],
            [0, 2, 0, 1, 0, 1, 1, 2, 1, 0, 1, 0],
            [0, 2, 0, 1, 0, 2, 1, 2, 1, 0, 1, 2],
            [0, 2, 0, 1, 1, 0, 1, 2, 1, 0, 0, 1],
            [0, 2, 0, 1, 1, 1, 1, 2, 1, 0, 0, 0],
            [0, 2, 0, 1, 1, 2, 1, 2, 1, 0, 0, 2],
            [0, 2, 0, 1, 2, 0, 1, 2, 1, 0, 2, 1],
            [0, 2, 0, 1, 2, 1, 1, 2, 1, 0, 2, 0],
            [0, 2, 0, 1, 2, 2, 1, 2, 1, 0, 2, 2],
            [0, 2, 0, 2, 0, 0, 1, 2, 1, 2, 1, 1],
            [0, 2, 0, 2, 0, 1, 1, 2, 1, 2, 1, 0],
            [0, 2, 0, 2, 0, 2, 1, 2, 1, 2, 1, 2],
            [0, 2, 0, 2, 1, 0, 1, 2, 1, 2, 0, 1],
            [0, 2, 0, 2, 1, 1, 1, 2, 1, 2, 0, 0],
            [0, 2, 0, 2, 1, 2, 1, 2, 1, 2, 0, 2],
            [0, 2, 0, 2, 2, 0, 1, 2, 1, 2, 2, 1],
            [0, 2, 0, 2, 2, 1, 1, 2, 1, 2, 2, 0],
            [0, 2, 0, 2, 2, 2, 1, 2, 1, 2, 2, 2],
            [0, 2, 1, 0, 0, 0, 1, 2, 0, 1, 1, 1],
            [0, 2, 1, 0, 0, 1, 1, 2, 0, 1, 1, 0],
            [0, 2, 1, 0, 0, 2, 1, 2, 0, 1, 1, 2],
            [0, 2, 1, 0, 1, 0, 1, 2, 0, 1, 0, 1],
            [0, 2, 1, 0, 1, 1, 1, 2, 0, 1, 0, 0],
            [0, 2, 1, 0, 1, 2, 1, 2, 0, 1, 0, 2],
            [0, 2, 1, 0, 2, 0, 1, 2, 0, 1, 2, 1],
            [0, 2, 1, 0, 2, 1, 1, 2, 0, 1, 2, 0],
            [0, 2, 1, 0, 2, 2, 1, 2, 0, 1, 2, 2],
            [0, 2, 1, 1, 0, 0, 1, 2, 0, 0, 1, 1],
            [0, 2, 1, 1, 0, 1, 1, 2, 0, 0, 1, 0],
            [0, 2, 1, 1, 0, 2, 1, 2, 0, 0, 1, 2],
            [0, 2, 1, 1, 1, 0, 1, 2, 0, 0, 0, 1],
            [0, 2, 1, 1, 1, 1, 1, 2, 0, 0, 0, 0],
            [0, 2, 1, 1, 1, 2, 1, 2, 0, 0, 0, 2],
            [0, 2, 1, 1, 2, 0, 1, 2, 0, 0, 2, 1],
            [0, 2, 1, 1, 2, 1, 1, 2, 0, 0, 2, 0],
            [0, 2, 1, 1, 2, 2, 1, 2, 0, 0, 2, 2],
            [0, 2, 1, 2, 0, 0, 1, 2, 0, 2, 1, 1],
            [0, 2, 1, 2, 0, 1, 1, 2, 0, 2, 1, 0],
            [0, 2, 1, 2, 0, 2, 1, 2, 0, 2, 1, 2],
            [0, 2, 1, 2, 1, 0, 1, 2, 0, 2, 0, 1],
            [0, 2, 1, 2, 1, 1, 1, 2, 0, 2, 0, 0],
            [0, 2, 1, 2, 1, 2, 1, 2, 0, 2, 0, 2],
            [0, 2, 1, 2, 2, 0, 1, 2, 0, 2, 2, 1],
            [0, 2, 1, 2, 2, 1, 1, 2, 0, 2, 2, 0],
            [0, 2, 1, 2, 2, 2, 1, 2, 0, 2, 2, 2],
            [0, 2, 2, 0, 0, 0, 1, 2, 2, 1, 1, 1],
            [0, 2, 2, 0, 0, 1, 1, 2, 2, 1, 1, 0],
            [0, 2, 2, 0, 0, 2, 1, 2, 2, 1, 1, 2],
            [0, 2, 2, 0, 1, 0, 1, 2, 2, 1, 0, 1],
            [0, 2, 2, 0, 1, 1, 1, 2, 2, 1, 0, 0],
            [0, 2, 2, 0, 1, 2, 1, 2, 2, 1, 0, 2],
            [0, 2, 2, 0, 2, 0, 1, 2, 2, 1, 2, 1],
            [0, 2, 2, 0, 2, 1, 1, 2, 2, 1, 2, 0],
            [0, 2, 2, 0, 2, 2, 1, 2, 2, 1, 2, 2],
            [0, 2, 2, 1, 0, 0, 1, 2, 2, 0, 1, 1],
            [0, 2, 2, 1, 0, 1, 1, 2, 2, 0, 1, 0],
            [0, 2, 2, 1, 0, 2, 1, 2, 2, 0, 1, 2],
            [0, 2, 2, 1, 1, 0, 1, 2, 2, 0, 0, 1],
            [0, 2, 2, 1, 1, 1, 1, 2, 2, 0, 0, 0],
            [0, 2, 2, 1, 1, 2, 1, 2, 2, 0, 0, 2],
            [0, 2, 2, 1, 2, 0, 1, 2, 2, 0, 2, 1],
            [0, 2, 2, 1, 2, 1, 1, 2, 2, 0, 2, 0],
            [0, 2, 2, 1, 2, 2, 1, 2, 2, 0, 2, 2],
            [0, 2, 2, 2, 0, 0, 1, 2, 2, 2, 1, 1],
            [0, 2, 2, 2, 0, 1, 1, 2, 2, 2, 1, 0],
            [0, 2, 2, 2, 0, 2, 1, 2, 2, 2, 1, 2],
            [0, 2, 2, 2, 1, 0, 1, 2, 2, 2, 0, 1],
            [0, 2, 2, 2, 1, 1, 1, 2, 2, 2, 0, 0],
            [0, 2, 2, 2, 1, 2, 1, 2, 2, 2, 0, 2],
            [0, 2, 2, 2, 2, 0, 1, 2, 2, 2, 2, 1],
            [0, 2, 2, 2, 2, 1, 1, 2, 2, 2, 2, 0],
            [0, 2, 2, 2, 2, 2, 1, 2, 2, 2, 2, 2],
            [1, 0, 0, 0, 0, 0, 0, 1, 1, 1, 1, 1],
            [1, 0, 0, 0, 0, 1, 0, 1, 1, 1, 1, 0],
            [1, 0, 0, 0, 0, 2, 0, 1, 1, 1, 1, 2],
            [1, 0, 0, 0, 1, 0, 0, 1, 1, 1, 0, 1],
            [1, 0, 0, 0, 1, 1, 0, 1, 1, 1, 0, 0],
            [1, 0, 0, 0, 1, 2, 0, 1, 1, 1, 0, 2],
            [1, 0, 0, 0, 2, 0, 0, 1, 1, 1, 2, 1],
            [1, 0, 0, 0, 2, 1, 0, 1, 1, 1, 2, 0],
            [1, 0, 0, 0, 2, 2, 0, 1, 1, 1, 2, 2],
            [1, 0, 0, 1, 0, 0, 0, 1, 1, 0, 1, 1],
            [1, 0, 0, 1, 0, 1, 0, 1, 1, 0, 1, 0],
            [1, 0, 0, 1, 0, 2, 0, 1, 1, 0, 1, 2],
            [1, 0, 0, 1, 1, 0, 0, 1, 1, 0, 0, 1],
            [1, 0, 0, 1, 1, 1, 0, 1, 1, 0, 0, 0],
            [1, 0, 0, 1, 1, 2, 0, 1, 1, 0, 0, 2],
            [1, 0, 0, 1, 2, 0, 0, 1, 1, 0, 2, 1],
            [1, 0, 0, 1, 2, 1, 0, 1, 1, 0, 2, 0],
            [1, 0, 0, 1, 2, 2, 0, 1, 1, 0, 2, 2],
            [1, 0, 0, 2, 0, 0, 0, 1, 1, 2, 1, 1],
            [1, 0, 0, 2, 0, 1, 0, 1, 1, 2, 1, 0],
            [1, 0, 0, 2, 0, 2, 0, 1, 1, 2, 1, 2],
            [1, 0, 0, 2, 1, 0, 0, 1, 1, 2, 0, 1],
            [1, 0, 0, 2, 1, 1, 0, 1, 1, 2, 0, 0],
            [1, 0, 0, 2, 1, 2, 0, 1, 1, 2, 0, 2],
            [1, 0, 0, 2, 2, 0, 0, 1, 1, 2, 2, 1],
            [1, 0, 0, 2, 2, 1, 0, 1, 1, 2, 2, 0],
            [1, 0, 0, 2, 2, 2, 0, 1, 1, 2, 2, 2],
            [1, 0, 1, 0, 0, 0, 0, 1, 0, 1, 1, 1],
            [1, 0, 1, 0, 0, 1, 0, 1, 0, 1, 1, 0],
            [1, 0, 1, 0, 0, 2, 0, 1, 0, 1, 1, 2],
            [1, 0, 1, 0, 1, 0, 0, 1, 0, 1, 0, 1],
            [1, 0, 1, 0, 1, 1, 0, 1, 0, 1, 0, 0],
            [1, 0, 1, 0, 1, 2, 0, 1, 0, 1, 0, 2],
            [1, 0, 1, 0, 2, 0, 0, 1, 0, 1, 2, 1],
            [1, 0, 1, 0, 2, 1, 0, 1, 0, 1, 2, 0],
            [1, 0, 1, 0, 2, 2, 0, 1, 0, 1, 2, 2],
            [1, 0, 1, 1, 0, 0, 0, 1, 0, 0, 1, 1],
            [1, 0, 1, 1, 0, 1, 0, 1, 0, 0, 1, 0],
            [1, 0, 1, 1, 0, 2, 0, 1, 0, 0, 1, 2],
            [1, 0, 1, 1, 1, 0, 0, 1, 0, 0, 0, 1],
            [1, 0, 1, 1, 1, 1, 0, 1, 0, 0, 0, 0],
            [1, 0, 1, 1, 1, 2, 0, 1, 0, 0, 0, 2],
            [1, 0, 1, 1, 2, 0, 0, 1, 0, 0, 2, 1],
            [1, 0, 1, 1, 2, 1, 0, 1, 0, 0, 2, 0],
            [1, 0, 1, 1, 2, 2, 0, 1, 0, 0, 2, 2],
            [1, 0, 1, 2, 0, 0, 0, 1, 0, 2, 1, 1],
            [1, 0, 1, 2, 0, 1, 0, 1, 0, 2, 1, 0],
            [1, 0, 1, 2, 0, 2, 0, 1, 0, 2, 1, 2],
            [1, 0, 1, 2, 1, 0, 0, 1, 0, 2, 0, 1],
            [1, 0, 1, 2, 1, 1, 0, 1, 0, 2, 0, 0],
            [1, 0, 1, 2, 1, 2, 0, 1, 0, 2, 0, 2],
            [1, 0, 1, 2, 2, 0, 0, 1, 0, 2, 2, 1],
            [1, 0, 1, 2, 2, 1, 0, 1, 0, 2, 2, 0],
            [1, 0, 1, 2, 2, 2, 0, 1, 0, 2, 2, 2],
            [1, 0, 2, 0, 0, 0, 0, 1, 2, 1, 1, 1],
            [1, 0, 2, 0, 0, 1, 0, 1, 2, 1, 1, 0],
            [1, 0, 2, 0, 0, 2, 0, 1, 2, 1, 1, 2],
            [1, 0, 2, 0, 1, 0, 0, 1, 2, 1, 0, 1],
            [1, 0, 2, 0, 1, 1, 0, 1, 2, 1, 0, 0],
            [1, 0, 2, 0, 1, 2, 0, 1, 2, 1, 0, 2],
            [1, 0, 2, 0, 2, 0, 0, 1, 2, 1, 2, 1],
            [1, 0, 2, 0, 2, 1, 0, 1, 2, 1, 2, 0],
            [1, 0, 2, 0, 2, 2, 0, 1, 2, 1, 2, 2],
            [1, 0, 2, 1, 0, 0, 0, 1, 2, 0, 1, 1],
            [1, 0, 2, 1, 0, 1, 0, 1, 2, 0, 1, 0],
            [1, 0, 2, 1, 0, 2, 0, 1, 2, 0, 1, 2],
            [1, 0, 2, 1, 1, 0, 0, 1, 2, 0, 0, 1],
            [1, 0, 2, 1, 1, 1, 0, 1, 2, 0, 0, 0],
            [1, 0, 2, 1, 1, 2, 0, 1, 2, 0, 0, 2],
            [1, 0, 2, 1, 2, 0, 0, 1, 2, 0, 2, 1],
            [1, 0, 2, 1, 2, 1, 0, 1, 2, 0, 2, 0],
            [1, 0, 2, 1, 2, 2, 0, 1, 2, 0, 2, 2],
            [1, 0, 2, 2, 0, 0, 0, 1, 2, 2, 1, 1],
            [1, 0, 2, 2, 0, 1, 0, 1, 2, 2, 1, 0],
            [1, 0, 2, 2, 0, 2, 0, 1, 2, 2, 1, 2],
            [1, 0, 2, 2, 1, 0, 0, 1, 2, 2, 0, 1],
            [1, 0, 2, 2, 1, 1, 0, 1, 2, 2, 0, 0],
            [1, 0, 2, 2, 1, 2, 0, 1, 2, 2, 0, 2],
            [1, 0, 2, 2, 2, 0, 0, 1, 2, 2, 2, 1],
            [1, 0, 2, 2, 2, 1, 0, 1, 2, 2, 2, 0],
            [1, 0, 2, 2, 2, 2, 0, 1, 2, 2, 2, 2],
            [1, 1, 0, 0, 0, 0, 0, 0, 1, 1, 1, 1],
            [1, 1, 0, 0, 0, 1, 0, 0, 1, 1, 1, 0],
            [1, 1, 0, 0, 0, 2, 0, 0, 1, 1, 1, 2],
            [1, 1, 0, 0, 1, 0, 0, 0, 1, 1, 0, 1],
            [1, 1, 0, 0, 1, 1, 0, 0, 1, 1, 0, 0],
            [1, 1, 0, 0, 1, 2, 0, 0, 1, 1, 0, 2],
            [1, 1, 0, 0, 2, 0, 0, 0, 1, 1, 2, 1],
            [1, 1, 0, 0, 2, 1, 0, 0, 1, 1, 2, 0],
            [1, 1, 0, 0, 2, 2, 0, 0, 1, 1, 2, 2],
            [1, 1, 0, 1, 0, 0, 0, 0, 1, 0, 1, 1],
            [1, 1, 0, 1, 0, 1, 0, 0, 1, 0, 1, 0],
            [1, 1, 0, 1, 0, 2, 0, 0, 1, 0, 1, 2],
            [1, 1, 0, 1, 1, 0, 0, 0, 1, 0, 0, 1],
            [1, 1, 0, 1, 1, 1, 0, 0, 1, 0, 0, 0],
            [1, 1, 0, 1, 1, 2, 0, 0, 1, 0, 0, 2],
            [1, 1, 0, 1, 2, 0, 0, 0, 1, 0, 2, 1],
            [1, 1, 0, 1, 2, 1, 0, 0, 1, 0, 2, 0],
            [1, 1, 0, 1, 2, 2, 0, 0, 1, 0, 2, 2],
            [1, 1, 0, 2, 0, 0, 0, 0, 1, 2, 1, 1],
            [1, 1, 0, 2, 0, 1, 0, 0, 1, 2, 1, 0],
            [1, 1, 0, 2, 0, 2, 0, 0, 1, 2, 1, 2],
            [1, 1, 0, 2, 1, 0, 0, 0, 1, 2, 0, 1],
            [1, 1, 0, 2, 1, 1, 0, 0, 1, 2, 0, 0],
            [1, 1, 0, 2, 1, 2, 0, 0, 1, 2, 0, 2],
            [1, 1, 0, 2, 2, 0, 0, 0, 1, 2, 2, 1],
            [1, 1, 0, 2, 2, 1, 0, 0, 1, 2, 2, 0],
            [1, 1, 0, 2, 2, 2, 0, 0, 1, 2, 2, 2],
            [1, 1, 1, 0, 0, 0, 0, 0, 0, 1, 1, 1],
            [1, 1, 1, 0, 0, 1, 0, 0, 0, 1, 1, 0],
            [1, 1, 1, 0, 0, 2, 0, 0, 0, 1, 1, 2],
            [1, 1, 1, 0, 1, 0, 0, 0, 0, 1, 0, 1],
            [1, 1, 1, 0, 1, 1, 0, 0, 0, 1, 0, 0],
            [1, 1, 1, 0, 1, 2, 0, 0, 0, 1, 0, 2],
            [1, 1, 1, 0, 2, 0, 0, 0, 0, 1, 2, 1],
            [1, 1, 1, 0, 2, 1, 0, 0, 0, 1, 2, 0],
            [1, 1, 1, 0, 2, 2, 0, 0, 0, 1, 2, 2],
            [1, 1, 1, 1, 0, 0, 0, 0, 0, 0, 1, 1],
            [1, 1, 1, 1, 0, 1, 0, 0, 0, 0, 1, 0],
            [1, 1, 1, 1, 0, 2, 0, 0, 0, 0, 1, 2],
            [1, 1, 1, 1, 1, 0, 0, 0, 0, 0, 0, 1],
            [1, 1, 1, 1, 1, 1, 0, 0, 0, 0, 0, 0],
            [1, 1, 1, 1, 1, 2, 0, 0, 0, 0, 0, 2],
            [1, 1, 1, 1, 2, 0, 0, 0, 0, 0, 2, 1],
            [1, 1, 1, 1, 2, 1, 0, 0, 0, 0, 2, 0],
            [1, 1, 1, 1, 2, 2, 0, 0, 0, 0, 2, 2],
            [1, 1, 1, 2, 0, 0, 0, 0, 0, 2, 1, 1],
            [1, 1, 1, 2, 0, 1, 0, 0, 0, 2, 1, 0],
            [1, 1, 1, 2, 0, 2, 0, 0, 0, 2, 1, 2],
            [1, 1, 1, 2, 1, 0, 0, 0, 0, 2, 0, 1],
            [1, 1, 1, 2, 1, 1, 0, 0, 0, 2, 0, 0],
            [1, 1, 1, 2, 1, 2, 0, 0, 0, 2, 0, 2],
            [1, 1, 1, 2, 2, 0, 0, 0, 0, 2, 2, 1],
            [1, 1, 1, 2, 2, 1, 0, 0, 0, 2, 2, 0],
            [1, 1, 1, 2, 2, 2, 0, 0, 0, 2, 2, 2],
            [1, 1, 2, 0, 0, 0, 0, 0, 2, 1, 1, 1],
            [1, 1, 2, 0, 0, 1, 0, 0, 2, 1, 1, 0],
            [1, 1, 2, 0, 0, 2, 0, 0, 2, 1, 1, 2],
            [1, 1, 2, 0, 1, 0, 0, 0, 2, 1, 0, 1],
            [1, 1, 2, 0, 1, 1, 0, 0, 2, 1, 0, 0],
            [1, 1, 2, 0, 1, 2, 0, 0, 2, 1, 0, 2],
            [1, 1, 2, 0, 2, 0, 0, 0, 2, 1, 2, 1],
            [1, 1, 2, 0, 2, 1, 0, 0, 2, 1, 2, 0],
            [1, 1, 2, 0, 2, 2, 0, 0, 2, 1, 2, 2],
            [1, 1, 2, 1, 0, 0, 0, 0, 2, 0, 1, 1],
            [1, 1, 2, 1, 0, 1, 0, 0, 2, 0, 1, 0],
            [1, 1, 2, 1, 0, 2, 0, 0, 2, 0, 1, 2],
            [1, 1, 2, 1, 1, 0, 0, 0, 2, 0, 0, 1],
            [1, 1, 2, 1, 1, 1, 0, 0, 2, 0, 0, 0],
            [1, 1, 2, 1, 1, 2, 0, 0, 2, 0, 0, 2],
            [1, 1, 2, 1, 2, 0, 0, 0, 2, 0, 2, 1],
            [1, 1, 2, 1, 2, 1, 0, 0, 2, 0, 2, 0],
            [1, 1, 2, 1, 2, 2, 0, 0, 2, 0, 2, 2],
            [1, 1, 2, 2, 0, 0, 0, 0, 2, 2, 1, 1],
            [1, 1, 2, 2, 0, 1, 0, 0, 2, 2, 1, 0],
            [1, 1, 2, 2, 0, 2, 0, 0, 2, 2, 1, 2],
            [1, 1, 2, 2, 1, 0, 0, 0, 2, 2, 0, 1],
            [1, 1, 2, 2, 1, 1, 0, 0, 2, 2, 0, 0],
            [1, 1, 2, 2, 1, 2, 0, 0, 2, 2, 0, 2],
            [1, 1, 2, 2, 2, 0, 0, 0, 2, 2, 2, 1],
            [1, 1, 2, 2, 2, 1, 0, 0, 2, 2, 2, 0],
            [1, 1, 2, 2, 2, 2, 0, 0, 2, 2, 2, 2],
            [1, 2, 0, 0, 0, 0, 0, 2, 1, 1, 1, 1],
            [1, 2, 0, 0, 0, 1, 0, 2, 1, 1, 1, 0],
            [1, 2, 0, 0, 0, 2, 0, 2, 1, 1, 1, 2],
            [1, 2, 0, 0, 1, 0, 0, 2, 1, 1, 0, 1],
            [1, 2, 0, 0, 1, 1, 0, 2, 1, 1, 0, 0],
            [1, 2, 0, 0, 1, 2, 0, 2, 1, 1, 0, 2],
            [1, 2, 0, 0, 2, 0, 0, 2, 1, 1, 2, 1],
            [1, 2, 0, 0, 2, 1, 0, 2, 1, 1, 2, 0],
            [1, 2, 0, 0, 2, 2, 0, 2, 1, 1, 2, 2],
            [1, 2, 0, 1, 0, 0, 0, 2, 1, 0, 1, 1],
            [1, 2, 0, 1, 0, 1, 0, 2, 1, 0, 1, 0],
            [1, 2, 0, 1, 0, 2, 0, 2, 1, 0, 1, 2],
            [1, 2, 0, 1, 1, 0, 0, 2, 1, 0, 0, 1],
            [1, 2, 0, 1, 1, 1, 0, 2, 1, 0, 0, 0],
            [1, 2, 0, 1, 1, 2, 0, 2, 1, 0, 0, 2],
            [1, 2, 0, 1, 2, 0, 0, 2, 1, 0, 2, 1],
            [1, 2, 0, 1, 2, 1, 0, 2, 1, 0, 2, 0],
            [1, 2, 0, 1, 2, 2, 0, 2, 1, 0, 2, 2],
            [1, 2, 0, 2, 0, 0, 0, 2, 1, 2, 1, 1],
            [1, 2, 0, 2, 0, 1, 0, 2, 1, 2, 1, 0],
            [1, 2, 0, 2, 0, 2, 0, 2, 1, 2, 1, 2],
            [1, 2, 0, 2, 1, 0, 0, 2, 1, 2, 0, 1],
            [1, 2, 0, 2, 1, 1, 0, 2, 1, 2, 0, 0],
            [1, 2, 0, 2, 1, 2, 0, 2, 1, 2, 0, 2],
            [1, 2, 0, 2, 2, 0, 0, 2, 1, 2, 2, 1],
            [1, 2, 0, 2, 2, 1, 0, 2, 1, 2, 2, 0],
            [1, 2, 0, 2, 2, 2, 0, 2, 1, 2, 2, 2],
            [1, 2, 1, 0, 0, 0, 0, 2, 0, 1, 1, 1],
            [1, 2, 1, 0, 0, 1, 0, 2, 0, 1, 1, 0],
            [1, 2, 1, 0, 0, 2, 0, 2, 0, 1, 1, 2],
            [1, 2, 1, 0, 1, 0, 0, 2, 0, 1, 0, 1],
            [1, 2, 1, 0, 1, 1, 0, 2, 0, 1, 0, 0],
            [1, 2, 1, 0, 1, 2, 0, 2, 0, 1, 0, 2],
            [1, 2, 1, 0, 2, 0, 0, 2, 0, 1, 2, 1],
            [1, 2, 1, 0, 2, 1, 0, 2, 0, 1, 2, 0],
            [1, 2, 1, 0, 2, 2, 0, 2, 0, 1, 2, 2],
            [1, 2, 1, 1, 0, 0, 0, 2, 0, 0, 1, 1],
            [1, 2, 1, 1, 0, 1, 0, 2, 0, 0, 1, 0],
            [1, 2, 1, 1, 0, 2, 0, 2, 0, 0, 1, 2],
            [1, 2, 1, 1, 1, 0, 0, 2, 0, 0, 0, 1],
            [1, 2, 1, 1, 1, 1, 0, 2, 0, 0, 0, 0],
            [1, 2, 1, 1, 1, 2, 0, 2, 0, 0, 0, 2],
            [1, 2, 1, 1, 2, 0, 0, 2, 0, 0, 2, 1],
            [1, 2, 1, 1, 2, 1, 0, 2, 0, 0, 2, 0],
            [1, 2, 1, 1, 2, 2, 0, 2, 0, 0, 2, 2],
            [1, 2, 1, 2, 0, 0, 0, 2, 0, 2, 1, 1],
            [1, 2, 1, 2, 0, 1, 0, 2, 0, 2, 1, 0],
            [1, 2, 1, 2, 0, 2, 0, 2, 0, 2, 1, 2],
            [1, 2, 1, 2, 1, 0, 0, 2, 0, 2, 0, 1],
            [1, 2, 1, 2, 1, 1, 0, 2, 0, 2, 0, 0],
            [1, 2, 1, 2, 1, 2, 0, 2, 0, 2, 0, 2],
            [1, 2, 1, 2, 2, 0, 0, 2, 0, 2, 2, 1],
            [1, 2, 1, 2, 2, 1, 0, 2, 0, 2, 2, 0],
            [1, 2, 1, 2, 2, 2, 0, 2, 0, 2, 2, 2],
            [1, 2, 2, 0, 0, 0, 0, 2, 2, 1, 1, 1],
            [1, 2, 2, 0, 0, 1, 0, 2, 2, 1, 1, 0],
            [1, 2, 2, 0, 0, 2, 0, 2, 2, 1, 1, 2],
            [1, 2, 2, 0, 1, 0, 0, 2, 2, 1, 0, 1],
            [1, 2, 2, 0, 1, 1, 0, 2, 2, 1, 0, 0],
            [1, 2, 2, 0, 1, 2, 0, 2, 2, 1, 0, 2],
            [1, 2, 2, 0, 2, 0, 0, 2, 2, 1, 2, 1],
            [1, 2, 2, 0, 2, 1, 0, 2, 2, 1, 2, 0],
            [1, 2, 2, 0, 2, 2, 0, 2, 2, 1, 2, 2],
            [1, 2, 2, 1, 0, 0, 0, 2, 2, 0, 1, 1],
            [1, 2, 2, 1, 0, 1, 0, 2, 2, 0, 1, 0],
            [1, 2, 2, 1, 0, 2, 0, 2, 2, 0, 1, 2],
            [1, 2, 2, 1, 1, 0, 0, 2, 2, 0, 0, 1],
            [1, 2, 2, 1, 1, 1, 0, 2, 2, 0, 0, 0],
            [1, 2, 2, 1, 1, 2, 0, 2, 2, 0, 0, 2],
            [1, 2, 2, 1, 2, 0, 0, 2, 2, 0, 2, 1],
            [1, 2, 2, 1, 2, 1, 0, 2, 2, 0, 2, 0],
            [1, 2, 2, 1, 2, 2, 0, 2, 2, 0, 2, 2],
            [1, 2, 2, 2, 0, 0, 0, 2, 2, 2, 1, 1],
            [1, 2, 2, 2, 0, 1, 0, 2, 2, 2, 1, 0],
            [1, 2, 2, 2, 0, 2, 0, 2, 2, 2, 1, 2],
            [1, 2, 2, 2, 1, 0, 0, 2, 2, 2, 0, 1],
            [1, 2, 2, 2, 1, 1, 0, 2, 2, 2, 0, 0],
            [1, 2, 2, 2, 1, 2, 0, 2, 2, 2, 0, 2],
            [1, 2, 2, 2, 2, 0, 0, 2, 2, 2, 2, 1],
            [1, 2, 2, 2, 2, 1, 0, 2, 2, 2, 2, 0],
            [1, 2, 2, 2, 2, 2, 0, 2, 2, 2, 2, 2],
            [2, 0, 0, 0, 0, 0, 2, 1, 1, 1, 1, 1],
            [2, 0, 0, 0, 0, 1, 2, 1, 1, 1, 1, 0],
            [2, 0, 0, 0, 0, 2, 2, 1, 1, 1, 1, 2],
            [2, 0, 0, 0, 1, 0, 2, 1, 1, 1, 0, 1],
            [2, 0, 0, 0, 1, 1, 2, 1, 1, 1, 0, 0],
            [2, 0, 0, 0, 1, 2, 2, 1, 1, 1, 0, 2],
            [2, 0, 0, 0, 2, 0, 2, 1, 1, 1, 2, 1],
            [2, 0, 0, 0, 2, 1, 2, 1, 1, 1, 2, 0],
            [2, 0, 0, 0, 2, 2, 2, 1, 1, 1, 2, 2],
            [2, 0, 0, 1, 0, 0, 2, 1, 1, 0, 1, 1],
            [2, 0, 0, 1, 0, 1, 2, 1, 1, 0, 1, 0],
            [2, 0, 0, 1, 0, 2, 2, 1, 1, 0, 1, 2],
            [2, 0, 0, 1, 1, 0, 2, 1, 1, 0, 0, 1],
            [2, 0, 0, 1, 1, 1, 2, 1, 1, 0, 0, 0],
            [2, 0, 0, 1, 1, 2, 2, 1, 1, 0, 0, 2],
            [2, 0, 0, 1, 2, 0, 2, 1, 1, 0, 2, 1],
            [2, 0, 0, 1, 2, 1, 2, 1, 1, 0, 2, 0],
            [2, 0, 0, 1, 2, 2, 2, 1, 1, 0, 2, 2],
            [2, 0, 0, 2, 0, 0, 2, 1, 1, 2, 1, 1],
            [2, 0, 0, 2, 0, 1, 2, 1, 1, 2, 1, 0],
            [2, 0, 0, 2, 0, 2, 2, 1, 1, 2, 1, 2],
            [2, 0, 0, 2, 1, 0, 2, 1, 1, 2, 0, 1],
            [2, 0, 0, 2, 1, 1, 2, 1, 1, 2, 0, 0],
            [2, 0, 0, 2, 1, 2, 2, 1, 1, 2, 0, 2],
            [2, 0, 0, 2, 2, 0, 2, 1, 1, 2, 2, 1],
            [2, 0, 0, 2, 2, 1, 2, 1, 1, 2, 2, 0],
            [2, 0, 0, 2, 2, 2, 2, 1, 1, 2, 2, 2],
            [2, 0, 1, 0, 0, 0, 2, 1, 0, 1, 1, 1],
            [2, 0, 1, 0, 0, 1, 2, 1, 0, 1, 1, 0],
            [2, 0, 1, 0, 0, 2, 2, 1, 0, 1, 1, 2],
            [2, 0, 1, 0, 1, 0, 2, 1, 0, 1, 0, 1],
            [2, 0, 1, 0, 1, 1, 2, 1, 0, 1, 0, 0],
            [2, 0, 1, 0, 1, 2, 2, 1, 0, 1, 0, 2],
            [2, 0, 1, 0, 2, 0, 2, 1, 0, 1, 2, 1],
            [2, 0, 1, 0, 2, 1, 2, 1, 0, 1, 2, 0],
            [2, 0, 1, 0, 2, 2, 2, 1, 0, 1, 2, 2],
            [2, 0, 1, 1, 0, 0, 2, 1, 0, 0, 1, 1],
            [2, 0, 1, 1, 0, 1, 2, 1, 0, 0, 1, 0],
            [2, 0, 1, 1, 0, 2, 2, 1, 0, 0, 1, 2],
            [2, 0, 1, 1, 1, 0, 2, 1, 0, 0, 0, 1],
            [2, 0, 1, 1, 1, 1, 2, 1, 0, 0, 0, 0],
            [2, 0, 1, 1, 1, 2, 2, 1, 0, 0, 0, 2],
            [2, 0, 1, 1, 2, 0, 2, 1, 0, 0, 2, 1],
            [2, 0, 1, 1, 2, 1, 2, 1, 0, 0, 2, 0],
            [2, 0, 1, 1, 2, 2, 2, 1, 0, 0, 2, 2],
            [2, 0, 1, 2, 0, 0, 2, 1, 0, 2, 1, 1],
            [2, 0, 1, 2, 0, 1, 2, 1, 0, 2, 1, 0],
            [2, 0, 1, 2, 0, 2, 2, 1, 0, 2, 1, 2],
            [2, 0, 1, 2, 1, 0, 2, 1, 0, 2, 0, 1],
            [2, 0, 1, 2, 1, 1, 2, 1, 0, 2, 0, 0],
            [2, 0, 1, 2, 1, 2, 2, 1, 0, 2, 0, 2],
            [2, 0, 1, 2, 2, 0, 2, 1, 0, 2, 2, 1],
            [2, 0, 1, 2, 2, 1, 2, 1, 0, 2, 2, 0],
            [2, 0, 1, 2, 2, 2, 2, 1, 0, 2, 2, 2],
            [2, 0, 2, 0, 0, 0, 2, 1, 2, 1, 1, 1],
            [2, 0, 2, 0, 0, 1, 2, 1, 2, 1, 1, 0],
            [2, 0, 2, 0, 0, 2, 2, 1, 2, 1, 1, 2],
            [2, 0, 2, 0, 1, 0, 2, 1, 2, 1, 0, 1],
            [2, 0, 2, 0, 1, 1, 2, 1, 2, 1, 0, 0],
            [2, 0, 2, 0, 1, 2, 2, 1, 2, 1, 0, 2],
            [2, 0, 2, 0, 2, 0, 2, 1, 2, 1, 2, 1],
            [2, 0, 2, 0, 2, 1, 2, 1, 2, 1, 2, 0],
            [2, 0, 2, 0, 2, 2, 2, 1, 2, 1, 2, 2],
            [2, 0, 2, 1, 0, 0, 2, 1, 2, 0, 1, 1],
            [2, 0, 2, 1, 0, 1, 2, 1, 2, 0, 1, 0],
            [2, 0, 2, 1, 0, 2, 2, 1, 2, 0, 1, 2],
            [2, 0, 2, 1, 1, 0, 2, 1, 2, 0, 0, 1],
            [2, 0, 2, 1, 1, 1, 2, 1, 2, 0, 0, 0],
            [2, 0, 2, 1, 1, 2, 2, 1, 2, 0, 0, 2],
            [2, 0, 2, 1, 2, 0, 2, 1, 2, 0, 2, 1],
            [2, 0, 2, 1, 2, 1, 2, 1, 2, 0, 2, 0],
            [2, 0, 2, 1, 2, 2, 2, 1, 2, 0, 2, 2],
            [2, 0, 2, 2, 0, 0, 2, 1, 2, 2, 1, 1],
            [2, 0, 2, 2, 0, 1, 2, 1, 2, 2, 1, 0],
            [2, 0, 2, 2, 0, 2, 2, 1, 2, 2, 1, 2],
            [2, 0, 2, 2, 1, 0, 2, 1, 2, 2, 0, 1],
            [2, 0, 2, 2, 1, 1, 2, 1, 2, 2, 0, 0],
            [2, 0, 2, 2, 1, 2, 2, 1, 2, 2, 0, 2],
            [2, 0, 2, 2, 2, 0, 2, 1, 2, 2, 2, 1],
            [2, 0, 2, 2, 2, 1, 2, 1, 2, 2, 2, 0],
            [2, 0, 2, 2, 2, 2, 2, 1, 2, 2, 2, 2],
            [2, 1, 0, 0, 0, 0, 2, 0, 1, 1, 1, 1],
            [2, 1, 0, 0, 0, 1, 2, 0, 1, 1, 1, 0],
            [2, 1, 0, 0, 0, 2, 2, 0, 1, 1, 1, 2],
            [2, 1, 0, 0, 1, 0, 2, 0, 1, 1, 0, 1],
            [2, 1, 0, 0, 1, 1, 2, 0, 1, 1, 0, 0],
            [2, 1, 0, 0, 1, 2, 2, 0, 1, 1, 0, 2],
            [2, 1, 0, 0, 2, 0, 2, 0, 1, 1, 2, 1],
            [2, 1, 0, 0, 2, 1, 2, 0, 1, 1, 2, 0],
            [2, 1, 0, 0, 2, 2, 2, 0, 1, 1, 2, 2],
            [2, 1, 0, 1, 0, 0, 2, 0, 1, 0, 1, 1],
            [2, 1, 0, 1, 0, 1, 2, 0, 1, 0, 1, 0],
            [2, 1, 0, 1, 0, 2, 2, 0, 1, 0, 1, 2],
            [2, 1, 0, 1, 1, 0, 2, 0, 1, 0, 0, 1],
            [2, 1, 0, 1, 1, 1, 2, 0, 1, 0, 0, 0],
            [2, 1, 0, 1, 1, 2, 2, 0, 1, 0, 0, 2],
            [2, 1, 0, 1, 2, 0, 2, 0, 1, 0, 2, 1],
            [2, 1, 0, 1, 2, 1, 2, 0, 1, 0, 2, 0],
            [2, 1, 0, 1, 2, 2, 2, 0, 1, 0, 2, 2],
            [2, 1, 0, 2, 0, 0, 2, 0, 1, 2, 1, 1],
            [2, 1, 0, 2, 0, 1, 2, 0, 1, 2, 1, 0],
            [2, 1, 0, 2, 0, 2, 2, 0, 1, 2, 1, 2],
            [2, 1, 0, 2, 1, 0, 2, 0, 1, 2, 0, 1],
            [2, 1, 0, 2, 1, 1, 2, 0, 1, 2, 0, 0],
            [2, 1, 0, 2, 1, 2, 2, 0, 1, 2, 0, 2],
            [2, 1, 0, 2, 2, 0, 2, 0, 1, 2, 2, 1],
            [2, 1, 0, 2, 2, 1, 2, 0, 1, 2, 2, 0],
            [2, 1, 0, 2, 2, 2, 2, 0, 1, 2, 2, 2],
            [2, 1, 1, 0, 0, 0, 2, 0, 0, 1, 1, 1],
            [2, 1, 1, 0, 0, 1, 2, 0, 0, 1, 1, 0],
            [2, 1, 1, 0, 0, 2, 2, 0, 0, 1, 1, 2],
            [2, 1, 1, 0, 1, 0, 2, 0, 0, 1, 0, 1],
            [2, 1, 1, 0, 1, 1, 2, 0, 0, 1, 0, 0],
            [2, 1, 1, 0, 1, 2, 2, 0, 0, 1, 0, 2],
            [2, 1, 1, 0, 2, 0, 2, 0, 0, 1, 2, 1],
            [2, 1, 1, 0, 2, 1, 2, 0, 0, 1, 2, 0],
            [2, 1, 1, 0, 2, 2, 2, 0, 0, 1, 2, 2],
            [2, 1, 1, 1, 0, 0, 2, 0, 0, 0, 1, 1],
            [2, 1, 1, 1, 0, 1, 2, 0, 0, 0, 1, 0],
            [2, 1, 1, 1, 0, 2, 2, 0, 0, 0, 1, 2],
            [2, 1, 1, 1, 1, 0, 2, 0, 0, 0, 0, 1],
            [2, 1, 1, 1, 1, 1, 2, 0, 0, 0, 0, 0],
            [2, 1, 1, 1, 1, 2, 2, 0, 0, 0, 0, 2],
            [2, 1, 1, 1, 2, 0, 2, 0, 0, 0, 2, 1],
            [2, 1, 1, 1, 2, 1, 2, 0, 0, 0, 2, 0],
            [2, 1, 1, 1, 2, 2, 2, 0, 0, 0, 2, 2],
            [2, 1, 1, 2, 0, 0, 2, 0, 0, 2, 1, 1],
            [2, 1, 1, 2, 0, 1, 2, 0, 0, 2, 1, 0],
            [2, 1, 1, 2, 0, 2, 2, 0, 0, 2, 1, 2],
            [2, 1, 1, 2, 1, 0, 2, 0, 0, 2, 0, 1],
            [2, 1, 1, 2, 1, 1, 2, 0, 0, 2, 0, 0],
            [2, 1, 1, 2, 1, 2, 2, 0, 0, 2, 0, 2],
            [2, 1, 1, 2, 2, 0, 2, 0, 0, 2, 2, 1],
            [2, 1, 1, 2, 2, 1, 2, 0, 0, 2, 2, 0],
            [2, 1, 1, 2, 2, 2, 2, 0, 0, 2, 2, 2],
            [2, 1, 2, 0, 0, 0, 2, 0, 2, 1, 1, 1],
            [2, 1, 2, 0, 0, 1, 2, 0, 2, 1, 1, 0],
            [2, 1, 2, 0, 0, 2, 2, 0, 2, 1, 1, 2],
            [2, 1, 2, 0, 1, 0, 2, 0, 2, 1, 0, 1],
            [2, 1, 2, 0, 1, 1, 2, 0, 2, 1, 0, 0],
            [2, 1, 2, 0, 1, 2, 2, 0, 2, 1, 0, 2],
            [2, 1, 2, 0, 2, 0, 2, 0, 2, 1, 2, 1],
            [2, 1, 2, 0, 2, 1, 2, 0, 2, 1, 2, 0],
            [2, 1, 2, 0, 2, 2, 2, 0, 2, 1, 2, 2],
            [2, 1, 2, 1, 0, 0, 2, 0, 2, 0, 1, 1],
            [2, 1, 2, 1, 0, 1, 2, 0, 2, 0, 1, 0],
            [2, 1, 2, 1, 0, 2, 2, 0, 2, 0, 1, 2],
            [2, 1, 2, 1, 1, 0, 2, 0, 2, 0, 0, 1],
            [2, 1, 2, 1, 1, 1, 2, 0, 2, 0, 0, 0],
            [2, 1, 2, 1, 1, 2, 2, 0, 2, 0, 0, 2],
            [2, 1, 2, 1, 2, 0, 2, 0, 2, 0, 2, 1],
            [2, 1, 2, 1, 2, 1, 2, 0, 2, 0, 2, 0],
            [2, 1, 2, 1, 2, 2, 2, 0, 2, 0, 2, 2],
            [2, 1, 2, 2, 0, 0, 2, 0, 2, 2, 1, 1],
            [2, 1, 2, 2, 0, 1, 2, 0, 2, 2, 1, 0],
            [2, 1, 2, 2, 0, 2, 2, 0, 2, 2, 1, 2],
            [2, 1, 2, 2, 1, 0, 2, 0, 2, 2, 0, 1],
            [2, 1, 2, 2, 1, 1, 2, 0, 2, 2, 0, 0],
            [2, 1, 2, 2, 1, 2, 2, 0, 2, 2, 0, 2],
            [2, 1, 2, 2, 2, 0, 2, 0, 2, 2, 2, 1],
            [2, 1, 2, 2, 2, 1, 2, 0, 2, 2, 2, 0],
            [2, 1, 2, 2, 2, 2, 2, 0, 2, 2, 2, 2],
            [2, 2, 0, 0, 0, 0, 2, 2, 1, 1, 1, 1],
            [2, 2, 0, 0, 0, 1, 2, 2, 1, 1, 1, 0],
            [2, 2, 0, 0, 0, 2, 2, 2, 1, 1, 1, 2],
            [2, 2, 0, 0, 1, 0, 2, 2, 1, 1, 0, 1],
            [2, 2, 0, 0, 1, 1, 2, 2, 1, 1, 0, 0],
            [2, 2, 0, 0, 1, 2, 2, 2, 1, 1, 0, 2],
            [2, 2, 0, 0, 2, 0, 2, 2, 1, 1, 2, 1],
            [2, 2, 0, 0, 2, 1, 2, 2, 1, 1, 2, 0],
            [2, 2, 0, 0, 2, 2, 2, 2, 1, 1, 2, 2],
            [2, 2, 0, 1, 0, 0, 2, 2, 1, 0, 1, 1],
            [2, 2, 0, 1, 0, 1, 2, 2, 1, 0, 1, 0],
            [2, 2, 0, 1, 0, 2, 2, 2, 1, 0, 1, 2],
            [2, 2, 0, 1, 1, 0, 2, 2, 1, 0, 0, 1],
            [2, 2, 0, 1, 1, 1, 2, 2, 1, 0, 0, 0],
            [2, 2, 0, 1, 1, 2, 2, 2, 1, 0, 0, 2],
            [2, 2, 0, 1, 2, 0, 2, 2, 1, 0, 2, 1],
            [2, 2, 0, 1, 2, 1, 2, 2, 1, 0, 2, 0],
            [2, 2, 0, 1, 2, 2, 2, 2, 1, 0, 2, 2],
            [2, 2, 0, 2, 0, 0, 2, 2, 1, 2, 1, 1],
            [2, 2, 0, 2, 0, 1, 2, 2, 1, 2, 1, 0],
            [2, 2, 0, 2, 0, 2, 2, 2, 1, 2, 1, 2],
            [2, 2, 0, 2, 1, 0, 2, 2, 1, 2, 0, 1],
            [2, 2, 0, 2, 1, 1, 2, 2, 1, 2, 0, 0],
            [2, 2, 0, 2, 1, 2, 2, 2, 1, 2, 0, 2],
            [2, 2, 0, 2, 2, 0, 2, 2, 1, 2, 2, 1],
            [2, 2, 0, 2, 2, 1, 2, 2, 1, 2, 2, 0],
            [2, 2, 0, 2, 2, 2, 2, 2, 1, 2, 2, 2],
            [2, 2, 1, 0, 0, 0, 2, 2, 0, 1, 1, 1],
            [2, 2, 1, 0, 0, 1, 2, 2, 0, 1, 1, 0],
            [2, 2, 1, 0, 0, 2, 2, 2, 0, 1, 1, 2],
            [2, 2, 1, 0, 1, 0, 2, 2, 0, 1, 0, 1],
            [2, 2, 1, 0, 1, 1, 2, 2, 0, 1, 0, 0],
            [2, 2, 1, 0, 1, 2, 2, 2, 0, 1, 0, 2],
            [2, 2, 1, 0, 2, 0, 2, 2, 0, 1, 2, 1],
            [2, 2, 1, 0, 2, 1, 2, 2, 0, 1, 2, 0],
            [2, 2, 1, 0, 2, 2, 2, 2, 0, 1, 2, 2],
            [2, 2, 1, 1, 0, 0, 2, 2, 0, 0, 1, 1],
            [2, 2, 1, 1, 0, 1, 2, 2, 0, 0, 1, 0],
            [2, 2, 1, 1, 0, 2, 2, 2, 0, 0, 1, 2],
            [2, 2, 1, 1, 1, 0, 2, 2, 0, 0, 0, 1],
            [2, 2, 1, 1, 1, 1, 2, 2, 0, 0, 0, 0],
            [2, 2, 1, 1, 1, 2, 2, 2, 0, 0, 0, 2],
            [2, 2, 1, 1, 2, 0, 2, 2, 0, 0, 2, 1],
            [2, 2, 1, 1, 2, 1, 2, 2, 0, 0, 2, 0],
            [2, 2, 1, 1, 2, 2, 2, 2, 0, 0, 2, 2],
            [2, 2, 1, 2, 0, 0, 2, 2, 0, 2, 1, 1],
            [2, 2, 1, 2, 0, 1, 2, 2, 0, 2, 1, 0],
            [2, 2, 1, 2, 0, 2, 2, 2, 0, 2, 1, 2],
            [2, 2, 1, 2, 1, 0, 2, 2, 0, 2, 0, 1],
            [2, 2, 1, 2, 1, 1, 2, 2, 0, 2, 0, 0],
            [2, 2, 1, 2, 1, 2, 2, 2, 0, 2, 0, 2],
            [2, 2, 1, 2, 2, 0, 2, 2, 0, 2, 2, 1],
            [2, 2, 1, 2, 2, 1, 2, 2, 0, 2, 2, 0],
            [2, 2, 1, 2, 2, 2, 2, 2, 0, 2, 2, 2],
            [2, 2, 2, 0, 0, 0, 2, 2, 2, 1, 1, 1],
            [2, 2, 2, 0, 0, 1, 2, 2, 2, 1, 1, 0],
            [2, 2, 2, 0, 0, 2, 2, 2, 2, 1, 1, 2],
            [2, 2, 2, 0, 1, 0, 2, 2, 2, 1, 0, 1],
            [2, 2, 2, 0, 1, 1, 2, 2, 2, 1, 0, 0],
            [2, 2, 2, 0, 1, 2, 2, 2, 2, 1, 0, 2],
            [2, 2, 2, 0, 2, 0, 2, 2, 2, 1, 2, 1],
            [2, 2, 2, 0, 2, 1, 2, 2, 2, 1, 2, 0],
            [2, 2, 2, 0, 2, 2, 2, 2, 2, 1, 2, 2],
            [2, 2, 2, 1, 0, 0, 2, 2, 2, 0, 1, 1],
            [2, 2, 2, 1, 0, 1, 2, 2, 2, 0, 1, 0],
            [2, 2, 2, 1, 0, 2, 2, 2, 2, 0, 1, 2],
            [2, 2, 2, 1, 1, 0, 2, 2, 2, 0, 0, 1],
            [2, 2, 2, 1, 1, 1, 2, 2, 2, 0, 0, 0],
            [2, 2, 2, 1, 1, 2, 2, 2, 2, 0, 0, 2],
            [2, 2, 2, 1, 2, 0, 2, 2, 2, 0, 2, 1],
            [2, 2, 2, 1, 2, 1, 2, 2, 2, 0, 2, 0],
            [2, 2, 2, 1, 2, 2, 2, 2, 2, 0, 2, 2],
            [2, 2, 2, 2, 0, 0, 2, 2, 2, 2, 1, 1],
            [2, 2, 2, 2, 0, 1, 2, 2, 2, 2, 1, 0],
            [2, 2, 2, 2, 0, 2, 2, 2, 2, 2, 1, 2],
            [2, 2, 2, 2, 1, 0, 2, 2, 2, 2, 0, 1],
            [2, 2, 2, 2, 1, 1, 2, 2, 2, 2, 0, 0],
            [2, 2, 2, 2, 1, 2, 2, 2, 2, 2, 0, 2],
            [2, 2, 2, 2, 2, 0, 2, 2, 2, 2, 2, 1],
            [2, 2, 2, 2, 2, 1, 2, 2, 2, 2, 2, 0]
        ]
    }
}