{
    "name": "XOR, AND, OR adder",
    "boxes": [{
        "name": "and",
        "category": "gate",
        "transform": {
            "items": [{
                "name": "translate",
                "args": [42, 22]
            }]
        },
        "connections": [{
            "index": 0,
            "wireId": 0
        }, {
            "index": 1,
            "wireId": 1
        }, {
            "index": 2,
            "wireId": 2
        }]
    }, {
        "name": "xor",
        "category": "gate",
        "transform": {
            "items": [{
                "name": "translate",
                "args": [42, 15]
            }]
        },
        "connections": [{
            "index": 0,
            "wireId": 3
        }, {
            "index": 1,
            "wireId": 4
        }, {
            "index": 2,
            "wireId": 5
        }]
    }, {
        "name": "output",
        "category": "other",
        "transform": {
            "items": [{
                "name": "translate",
                "args": [63, 15]
            }]
        },
        "connections": [{
            "index": 0,
            "wireId": 3
        }]
    }, {
        "name": "and",
        "category": "gate",
        "transform": {
            "items": [{
                "name": "translate",
                "args": [27, 30]
            }]
        },
        "connections": [{
            "index": 0,
            "wireId": 6
        }, {
            "index": 1,
            "wireId": 7
        }, {
            "index": 2,
            "wireId": 8
        }]
    }, {
        "name": "xor",
        "category": "gate",
        "transform": {
            "items": [{
                "name": "translate",
                "args": [27, 23]
            }]
        },
        "connections": [{
            "index": 0,
            "wireId": 2
        }, {
            "index": 0,
            "wireId": 5
        }, {
            "index": 1,
            "wireId": 9
        }, {
            "index": 2,
            "wireId": 10
        }]
    }, {
        "name": "input",
        "category": "other",
        "transform": {
            "items": [{
                "name": "translate",
                "args": [16, 14]
            }]
        },
        "connections": [{
            "index": 0,
            "wireId": 4
        }, {
            "index": 0,
            "wireId": 1
        }],
        "isOn": false
    }, {
        "name": "input",
        "category": "other",
        "transform": {
            "items": [{
                "name": "translate",
                "args": [16, 22]
            }]
        },
        "connections": [{
            "index": 0,
            "wireId": 7
        }, {
            "index": 0,
            "wireId": 9
        }],
        "isOn": false
    }, {
        "name": "input",
        "category": "other",
        "transform": {
            "items": [{
                "name": "translate",
                "args": [16, 31]
            }]
        },
        "connections": [{
            "index": 0,
            "wireId": 8
        }, {
            "index": 0,
            "wireId": 10
        }],
        "isOn": false
    }, {
        "name": "or",
        "category": "gate",
        "transform": {
            "items": [{
                "name": "translate",
                "args": [51, 29]
            }]
        },
        "connections": [{
            "index": 0,
            "wireId": 11
        }, {
            "index": 1,
            "wireId": 0
        }, {
            "index": 2,
            "wireId": 6
        }]
    }, {
        "name": "output",
        "category": "other",
        "transform": {
            "items": [{
                "name": "translate",
                "args": [63, 29]
            }]
        },
        "connections": [{
            "index": 0,
            "wireId": 11
        }]
    }]
}