{
    "name": "3-bit demultiplexer",
    "boxes": [{
        "name": "input",
        "category": "other",
        "transform": {
            "items": [{
                "name": "translate",
                "args": [43, 81]
            }]
        },
        "connections": [{
            "index": 0,
            "wireId": 0
        }, {
            "index": 0,
            "wireId": 1
        }, {
            "index": 0,
            "wireId": 2
        }, {
            "index": 0,
            "wireId": 3
        }, {
            "index": 0,
            "wireId": 4
        }],
        "isOn": false
    }, {
        "name": "input",
        "category": "other",
        "transform": {
            "items": [{
                "name": "translate",
                "args": [43, 92]
            }]
        },
        "connections": [{
            "index": 0,
            "wireId": 5
        }, {
            "index": 0,
            "wireId": 6
        }, {
            "index": 0,
            "wireId": 7
        }, {
            "index": 0,
            "wireId": 8
        }, {
            "index": 0,
            "wireId": 9
        }],
        "isOn": false
    }, {
        "name": "input",
        "category": "other",
        "transform": {
            "items": [{
                "name": "translate",
                "args": [43, 103]
            }]
        },
        "connections": [{
            "index": 0,
            "wireId": 10
        }, {
            "index": 0,
            "wireId": 11
        }, {
            "index": 0,
            "wireId": 12
        }, {
            "index": 0,
            "wireId": 13
        }, {
            "index": 0,
            "wireId": 14
        }],
        "isOn": false
    }, {
        "name": "and",
        "category": "gate",
        "transform": {
            "items": [{
                "name": "translate",
                "args": [84, 102]
            }]
        },
        "connections": [{
            "index": 0,
            "wireId": 15
        }, {
            "index": 1,
            "wireId": 6
        }, {
            "index": 2,
            "wireId": 11
        }]
    }, {
        "name": "and",
        "category": "gate",
        "transform": {
            "items": [{
                "name": "translate",
                "args": [98, 101]
            }]
        },
        "connections": [{
            "index": 0,
            "wireId": 16
        }, {
            "index": 1,
            "wireId": 4
        }, {
            "index": 2,
            "wireId": 15
        }]
    }, {
        "name": "and",
        "category": "gate",
        "transform": {
            "items": [{
                "name": "translate",
                "args": [98, 90]
            }]
        },
        "connections": [{
            "index": 0,
            "wireId": 17
        }, {
            "index": 1,
            "wireId": 18
        }, {
            "index": 2,
            "wireId": 19
        }]
    }, {
        "name": "and",
        "category": "gate",
        "transform": {
            "items": [{
                "name": "translate",
                "args": [84, 91]
            }]
        },
        "connections": [{
            "index": 0,
            "wireId": 19
        }, {
            "index": 1,
            "wireId": 7
        }, {
            "index": 2,
            "wireId": 12
        }]
    }, {
        "name": "and",
        "category": "gate",
        "transform": {
            "items": [{
                "name": "translate",
                "args": [98, 79]
            }]
        },
        "connections": [{
            "index": 0,
            "wireId": 20
        }, {
            "index": 1,
            "wireId": 3
        }, {
            "index": 2,
            "wireId": 21
        }]
    }, {
        "name": "and",
        "category": "gate",
        "transform": {
            "items": [{
                "name": "translate",
                "args": [84, 80]
            }]
        },
        "connections": [{
            "index": 0,
            "wireId": 21
        }, {
            "index": 1,
            "wireId": 22
        }, {
            "index": 2,
            "wireId": 13
        }]
    }, {
        "name": "and",
        "category": "gate",
        "transform": {
            "items": [{
                "name": "translate",
                "args": [98, 68]
            }]
        },
        "connections": [{
            "index": 0,
            "wireId": 23
        }, {
            "index": 1,
            "wireId": 24
        }, {
            "index": 2,
            "wireId": 25
        }]
    }, {
        "name": "and",
        "category": "gate",
        "transform": {
            "items": [{
                "name": "translate",
                "args": [84, 69]
            }]
        },
        "connections": [{
            "index": 0,
            "wireId": 25
        }, {
            "index": 1,
            "wireId": 26
        }, {
            "index": 2,
            "wireId": 14
        }]
    }, {
        "name": "and",
        "category": "gate",
        "transform": {
            "items": [{
                "name": "translate",
                "args": [98, 57]
            }]
        },
        "connections": [{
            "index": 0,
            "wireId": 27
        }, {
            "index": 1,
            "wireId": 2
        }, {
            "index": 2,
            "wireId": 28
        }]
    }, {
        "name": "and",
        "category": "gate",
        "transform": {
            "items": [{
                "name": "translate",
                "args": [84, 58]
            }]
        },
        "connections": [{
            "index": 0,
            "wireId": 28
        }, {
            "index": 1,
            "wireId": 8
        }, {
            "index": 2,
            "wireId": 29
        }]
    }, {
        "name": "and",
        "category": "gate",
        "transform": {
            "items": [{
                "name": "translate",
                "args": [98, 46]
            }]
        },
        "connections": [{
            "index": 0,
            "wireId": 30
        }, {
            "index": 1,
            "wireId": 31
        }, {
            "index": 2,
            "wireId": 32
        }]
    }, {
        "name": "and",
        "category": "gate",
        "transform": {
            "items": [{
                "name": "translate",
                "args": [84, 47]
            }]
        },
        "connections": [{
            "index": 0,
            "wireId": 32
        }, {
            "index": 1,
            "wireId": 9
        }, {
            "index": 2,
            "wireId": 33
        }]
    }, {
        "name": "and",
        "category": "gate",
        "transform": {
            "items": [{
                "name": "translate",
                "args": [98, 35]
            }]
        },
        "connections": [{
            "index": 0,
            "wireId": 34
        }, {
            "index": 1,
            "wireId": 1
        }, {
            "index": 2,
            "wireId": 35
        }]
    }, {
        "name": "and",
        "category": "gate",
        "transform": {
            "items": [{
                "name": "translate",
                "args": [84, 36]
            }]
        },
        "connections": [{
            "index": 0,
            "wireId": 35
        }, {
            "index": 1,
            "wireId": 36
        }, {
            "index": 2,
            "wireId": 37
        }]
    }, {
        "name": "and",
        "category": "gate",
        "transform": {
            "items": [{
                "name": "translate",
                "args": [98, 24]
            }]
        },
        "connections": [{
            "index": 0,
            "wireId": 38
        }, {
            "index": 1,
            "wireId": 39
        }, {
            "index": 2,
            "wireId": 40
        }]
    }, {
        "name": "and",
        "category": "gate",
        "transform": {
            "items": [{
                "name": "translate",
                "args": [84, 25]
            }]
        },
        "connections": [{
            "index": 0,
            "wireId": 40
        }, {
            "index": 1,
            "wireId": 41
        }, {
            "index": 2,
            "wireId": 42
        }]
    }, {
        "name": "output",
        "category": "other",
        "transform": {
            "items": [{
                "name": "translate",
                "args": [112, 101]
            }]
        },
        "connections": [{
            "index": 0,
            "wireId": 16
        }]
    }, {
        "name": "output",
        "category": "other",
        "transform": {
            "items": [{
                "name": "translate",
                "args": [112, 90]
            }]
        },
        "connections": [{
            "index": 0,
            "wireId": 17
        }]
    }, {
        "name": "output",
        "category": "other",
        "transform": {
            "items": [{
                "name": "translate",
                "args": [112, 79]
            }]
        },
        "connections": [{
            "index": 0,
            "wireId": 20
        }]
    }, {
        "name": "output",
        "category": "other",
        "transform": {
            "items": [{
                "name": "translate",
                "args": [112, 68]
            }]
        },
        "connections": [{
            "index": 0,
            "wireId": 23
        }]
    }, {
        "name": "output",
        "category": "other",
        "transform": {
            "items": [{
                "name": "translate",
                "args": [112, 57]
            }]
        },
        "connections": [{
            "index": 0,
            "wireId": 27
        }]
    }, {
        "name": "output",
        "category": "other",
        "transform": {
            "items": [{
                "name": "translate",
                "args": [112, 46]
            }]
        },
        "connections": [{
            "index": 0,
            "wireId": 30
        }]
    }, {
        "name": "output",
        "category": "other",
        "transform": {
            "items": [{
                "name": "translate",
                "args": [112, 35]
            }]
        },
        "connections": [{
            "index": 0,
            "wireId": 34
        }]
    }, {
        "name": "output",
        "category": "other",
        "transform": {
            "items": [{
                "name": "translate",
                "args": [112, 24]
            }]
        },
        "connections": [{
            "index": 0,
            "wireId": 38
        }]
    }, {
        "name": "not",
        "category": "gate",
        "transform": {
            "items": [{
                "name": "translate",
                "args": [62, 48]
            }]
        },
        "connections": [{
            "index": 0,
            "wireId": 29
        }, {
            "index": 0,
            "wireId": 33
        }, {
            "index": 0,
            "wireId": 37
        }, {
            "index": 0,
            "wireId": 42
        }, {
            "index": 1,
            "wireId": 10
        }]
    }, {
        "name": "not",
        "category": "gate",
        "transform": {
            "items": [{
                "name": "translate",
                "args": [62, 37]
            }]
        },
        "connections": [{
            "index": 0,
            "wireId": 22
        }, {
            "index": 0,
            "wireId": 26
        }, {
            "index": 0,
            "wireId": 36
        }, {
            "index": 0,
            "wireId": 41
        }, {
            "index": 1,
            "wireId": 5
        }]
    }, {
        "name": "not",
        "category": "gate",
        "transform": {
            "items": [{
                "name": "translate",
                "args": [62, 26]
            }]
        },
        "connections": [{
            "index": 0,
            "wireId": 39
        }, {
            "index": 0,
            "wireId": 31
        }, {
            "index": 0,
            "wireId": 18
        }, {
            "index": 0,
            "wireId": 24
        }, {
            "index": 1,
            "wireId": 0
        }]
    }],
    "blackbox": {
        "name": "3-BIT DEMUX",
        "inputs": 3,
        "outputs": 8,
        "table": [
            [0, 0, 0, 1, 0, 0, 0, 0, 0, 0, 0],
            [1, 0, 0, 0, 1, 0, 0, 0, 0, 0, 0],
            [0, 1, 0, 0, 0, 1, 0, 0, 0, 0, 0],
            [1, 1, 0, 0, 0, 0, 1, 0, 0, 0, 0],
            [0, 0, 1, 0, 0, 0, 0, 1, 0, 0, 0],
            [1, 0, 1, 0, 0, 0, 0, 0, 1, 0, 0],
            [0, 1, 1, 0, 0, 0, 0, 0, 0, 1, 0],
            [1, 1, 1, 0, 0, 0, 0, 0, 0, 0, 1]
        ]
    }
}