{
    "name": "Adder",
    "blackbox": {
        "inputs": 3,
        "outputs": 2,
        "table": [
            [
                2,
                2,
                2,
                2,
                2
            ],
            [
                2,
                2,
                1,
                1,
                2
            ],
            [
                2,
                1,
                2,
                1,
                2
            ],
            [
                2,
                1,
                1,
                2,
                1
            ],
            [
                1,
                2,
                2,
                1,
                2
            ],
            [
                1,
                2,
                1,
                2,
                1
            ],
            [
                1,
                1,
                2,
                2,
                1
            ],
            [
                1,
                1,
                1,
                1,
                1
            ]
        ]
    }
}