{
    "name": "8-pin one-hot detector",
    "boxes": [{
        "name": "and",
        "category": "gate",
        "transform": {
            "items": [{
                "name": "translate",
                "args": [31, 9]
            }]
        },
        "connections": [{
            "index": 0,
            "wireId": 0
        }, {
            "index": 1,
            "wireId": 1
        }, {
            "index": 2,
            "wireId": 2
        }]
    }, {
        "name": "xor",
        "category": "gate",
        "transform": {
            "items": [{
                "name": "translate",
                "args": [31, 16]
            }]
        },
        "connections": [{
            "index": 0,
            "wireId": 3
        }, {
            "index": 0,
            "wireId": 4
        }, {
            "index": 1,
            "wireId": 5
        }, {
            "index": 2,
            "wireId": 6
        }]
    }, {
        "name": "input",
        "category": "other",
        "transform": {
            "items": [{
                "name": "translate",
                "args": [19, 8]
            }]
        },
        "connections": [{
            "index": 0,
            "wireId": 1
        }, {
            "index": 0,
            "wireId": 5
        }],
        "isOn": false
    }, {
        "name": "input",
        "category": "other",
        "transform": {
            "items": [{
                "name": "translate",
                "args": [19, 17]
            }]
        },
        "connections": [{
            "index": 0,
            "wireId": 2
        }, {
            "index": 0,
            "wireId": 6
        }],
        "isOn": false
    }, {
        "name": "and",
        "category": "gate",
        "transform": {
            "items": [{
                "name": "translate",
                "args": [31, 34]
            }]
        },
        "connections": [{
            "index": 0,
            "wireId": 7
        }, {
            "index": 1,
            "wireId": 8
        }, {
            "index": 2,
            "wireId": 9
        }]
    }, {
        "name": "xor",
        "category": "gate",
        "transform": {
            "items": [{
                "name": "translate",
                "args": [31, 27]
            }]
        },
        "connections": [{
            "index": 0,
            "wireId": 10
        }, {
            "index": 0,
            "wireId": 11
        }, {
            "index": 1,
            "wireId": 12
        }, {
            "index": 2,
            "wireId": 13
        }]
    }, {
        "name": "input",
        "category": "other",
        "transform": {
            "items": [{
                "name": "translate",
                "args": [19, 26]
            }]
        },
        "connections": [{
            "index": 0,
            "wireId": 8
        }, {
            "index": 0,
            "wireId": 12
        }],
        "isOn": false
    }, {
        "name": "input",
        "category": "other",
        "transform": {
            "items": [{
                "name": "translate",
                "args": [19, 35]
            }]
        },
        "connections": [{
            "index": 0,
            "wireId": 9
        }, {
            "index": 0,
            "wireId": 13
        }],
        "isOn": false
    }, {
        "name": "or",
        "category": "gate",
        "transform": {
            "items": [{
                "name": "translate",
                "args": [47, 10]
            }]
        },
        "connections": [{
            "index": 0,
            "wireId": 14
        }, {
            "index": 1,
            "wireId": 0
        }, {
            "index": 2,
            "wireId": 7
        }]
    }, {
        "name": "and",
        "category": "gate",
        "transform": {
            "items": [{
                "name": "translate",
                "args": [47, 34]
            }]
        },
        "connections": [{
            "index": 0,
            "wireId": 15
        }, {
            "index": 1,
            "wireId": 4
        }, {
            "index": 2,
            "wireId": 11
        }]
    }, {
        "name": "xor",
        "category": "gate",
        "transform": {
            "items": [{
                "name": "translate",
                "args": [47, 27]
            }]
        },
        "connections": [{
            "index": 0,
            "wireId": 16
        }, {
            "index": 0,
            "wireId": 17
        }, {
            "index": 1,
            "wireId": 3
        }, {
            "index": 2,
            "wireId": 10
        }]
    }, {
        "name": "or",
        "category": "gate",
        "transform": {
            "items": [{
                "name": "translate",
                "args": [63, 11]
            }]
        },
        "connections": [{
            "index": 0,
            "wireId": 18
        }, {
            "index": 1,
            "wireId": 14
        }, {
            "index": 2,
            "wireId": 15
        }]
    }, {
        "name": "and",
        "category": "gate",
        "transform": {
            "items": [{
                "name": "translate",
                "args": [31, 45]
            }]
        },
        "connections": [{
            "index": 0,
            "wireId": 19
        }, {
            "index": 1,
            "wireId": 20
        }, {
            "index": 2,
            "wireId": 21
        }]
    }, {
        "name": "xor",
        "category": "gate",
        "transform": {
            "items": [{
                "name": "translate",
                "args": [31, 52]
            }]
        },
        "connections": [{
            "index": 0,
            "wireId": 22
        }, {
            "index": 0,
            "wireId": 23
        }, {
            "index": 1,
            "wireId": 24
        }, {
            "index": 2,
            "wireId": 25
        }]
    }, {
        "name": "input",
        "category": "other",
        "transform": {
            "items": [{
                "name": "translate",
                "args": [19, 44]
            }]
        },
        "connections": [{
            "index": 0,
            "wireId": 20
        }, {
            "index": 0,
            "wireId": 24
        }],
        "isOn": false
    }, {
        "name": "input",
        "category": "other",
        "transform": {
            "items": [{
                "name": "translate",
                "args": [19, 53]
            }]
        },
        "connections": [{
            "index": 0,
            "wireId": 21
        }, {
            "index": 0,
            "wireId": 25
        }],
        "isOn": false
    }, {
        "name": "and",
        "category": "gate",
        "transform": {
            "items": [{
                "name": "translate",
                "args": [31, 70]
            }]
        },
        "connections": [{
            "index": 0,
            "wireId": 26
        }, {
            "index": 1,
            "wireId": 27
        }, {
            "index": 2,
            "wireId": 28
        }]
    }, {
        "name": "xor",
        "category": "gate",
        "transform": {
            "items": [{
                "name": "translate",
                "args": [31, 63]
            }]
        },
        "connections": [{
            "index": 0,
            "wireId": 29
        }, {
            "index": 0,
            "wireId": 30
        }, {
            "index": 1,
            "wireId": 31
        }, {
            "index": 2,
            "wireId": 32
        }]
    }, {
        "name": "input",
        "category": "other",
        "transform": {
            "items": [{
                "name": "translate",
                "args": [19, 62]
            }]
        },
        "connections": [{
            "index": 0,
            "wireId": 27
        }, {
            "index": 0,
            "wireId": 31
        }],
        "isOn": false
    }, {
        "name": "input",
        "category": "other",
        "transform": {
            "items": [{
                "name": "translate",
                "args": [19, 71]
            }]
        },
        "connections": [{
            "index": 0,
            "wireId": 28
        }, {
            "index": 0,
            "wireId": 32
        }],
        "isOn": false
    }, {
        "name": "or",
        "category": "gate",
        "transform": {
            "items": [{
                "name": "translate",
                "args": [47, 46]
            }]
        },
        "connections": [{
            "index": 0,
            "wireId": 33
        }, {
            "index": 1,
            "wireId": 19
        }, {
            "index": 2,
            "wireId": 26
        }]
    }, {
        "name": "and",
        "category": "gate",
        "transform": {
            "items": [{
                "name": "translate",
                "args": [47, 70]
            }]
        },
        "connections": [{
            "index": 0,
            "wireId": 34
        }, {
            "index": 1,
            "wireId": 23
        }, {
            "index": 2,
            "wireId": 30
        }]
    }, {
        "name": "xor",
        "category": "gate",
        "transform": {
            "items": [{
                "name": "translate",
                "args": [47, 63]
            }]
        },
        "connections": [{
            "index": 0,
            "wireId": 35
        }, {
            "index": 0,
            "wireId": 36
        }, {
            "index": 1,
            "wireId": 22
        }, {
            "index": 2,
            "wireId": 29
        }]
    }, {
        "name": "or",
        "category": "gate",
        "transform": {
            "items": [{
                "name": "translate",
                "args": [63, 47]
            }]
        },
        "connections": [{
            "index": 0,
            "wireId": 37
        }, {
            "index": 1,
            "wireId": 33
        }, {
            "index": 2,
            "wireId": 34
        }]
    }, {
        "name": "or",
        "category": "gate",
        "transform": {
            "items": [{
                "name": "translate",
                "args": [79, 12]
            }]
        },
        "connections": [{
            "index": 0,
            "wireId": 38
        }, {
            "index": 1,
            "wireId": 18
        }, {
            "index": 2,
            "wireId": 37
        }]
    }, {
        "name": "and",
        "category": "gate",
        "transform": {
            "items": [{
                "name": "translate",
                "args": [79, 36]
            }]
        },
        "connections": [{
            "index": 0,
            "wireId": 39
        }, {
            "index": 1,
            "wireId": 17
        }, {
            "index": 2,
            "wireId": 36
        }]
    }, {
        "name": "xor",
        "category": "gate",
        "transform": {
            "items": [{
                "name": "translate",
                "args": [79, 43]
            }]
        },
        "connections": [{
            "index": 0,
            "wireId": 40
        }, {
            "index": 1,
            "wireId": 16
        }, {
            "index": 2,
            "wireId": 35
        }]
    }, {
        "name": "or",
        "category": "gate",
        "transform": {
            "items": [{
                "name": "translate",
                "args": [94, 13]
            }]
        },
        "connections": [{
            "index": 0,
            "wireId": 41
        }, {
            "index": 1,
            "wireId": 38
        }, {
            "index": 2,
            "wireId": 39
        }]
    }, {
        "name": "and",
        "category": "gate",
        "transform": {
            "items": [{
                "name": "translate",
                "args": [97, 42]
            }]
        },
        "connections": [{
            "index": 0,
            "wireId": 42
        }, {
            "index": 1,
            "wireId": 43
        }, {
            "index": 2,
            "wireId": 40
        }]
    }, {
        "name": "not",
        "category": "gate",
        "transform": {
            "items": [{
                "name": "translate",
                "args": [95, 22]
            }, {
                "name": "rotate",
                "args": ["180", 4, 1]
            }]
        },
        "connections": [{
            "index": 0,
            "wireId": 43
        }, {
            "index": 1,
            "wireId": 41
        }]
    }, {
        "name": "output",
        "category": "other",
        "transform": {
            "items": [{
                "name": "translate",
                "args": [110, 42]
            }]
        },
        "connections": [{
            "index": 0,
            "wireId": 42
        }]
    }],
    "blackbox": {
        "name": "ONE HOT",
        "inputs": 8,
        "outputs": 1,
        "TODO": "remove this when the table is done",
        "table": []
    }
}