{
  "name": "HEX inverter",
  "boxes": [{
      "name": "not",
      "category": "gate",
      "transform": {
        "items": [{
          "name": "translate",
          "args": [
            44,
            3
          ]
        }]
      },
      "connections": []
    },
    {
      "name": "not",
      "category": "gate",
      "transform": {
        "items": [{
          "name": "translate",
          "args": [
            44,
            8
          ]
        }]
      },
      "connections": []
    },
    {
      "name": "not",
      "category": "gate",
      "transform": {
        "items": [{
          "name": "translate",
          "args": [
            44,
            13
          ]
        }]
      },
      "connections": []
    },
    {
      "name": "not",
      "category": "gate",
      "transform": {
        "items": [{
          "name": "translate",
          "args": [
            44,
            18
          ]
        }]
      },
      "connections": []
    },
    {
      "name": "not",
      "category": "gate",
      "transform": {
        "items": [{
          "name": "translate",
          "args": [
            44,
            23
          ]
        }]
      },
      "connections": []
    },
    {
      "name": "not",
      "category": "gate",
      "transform": {
        "items": [{
          "name": "translate",
          "args": [
            44,
            28
          ]
        }]
      },
      "connections": []
    }
  ]
}