{
    "name": "4-bit adder",
    "boxes": [{
        "name": "xor",
        "category": "gate",
        "transform": {
            "items": [{
                "name": "translate",
                "args": [38, 22]
            }]
        },
        "connections": [{
            "index": 0,
            "wireId": 0
        }, {
            "index": 1,
            "wireId": 1
        }, {
            "index": 2,
            "wireId": 2
        }]
    }, {
        "name": "and",
        "category": "gate",
        "transform": {
            "items": [{
                "name": "translate",
                "args": [38, 28]
            }]
        },
        "connections": [{
            "index": 0,
            "wireId": 3
        }, {
            "index": 0,
            "wireId": 4
        }, {
            "index": 1,
            "wireId": 5
        }, {
            "index": 2,
            "wireId": 6
        }]
    }, {
        "name": "input",
        "category": "other",
        "transform": {
            "items": [{
                "name": "translate",
                "args": [24, 21]
            }]
        },
        "connections": [{
            "index": 0,
            "wireId": 1
        }, {
            "index": 0,
            "wireId": 5
        }],
        "isOn": false
    }, {
        "name": "input",
        "category": "other",
        "transform": {
            "items": [{
                "name": "translate",
                "args": [24, 29]
            }]
        },
        "connections": [{
            "index": 0,
            "wireId": 2
        }, {
            "index": 0,
            "wireId": 6
        }],
        "isOn": false
    }, {
        "name": "xor",
        "category": "gate",
        "transform": {
            "items": [{
                "name": "translate",
                "args": [53, 38]
            }]
        },
        "connections": [{
            "index": 0,
            "wireId": 7
        }, {
            "index": 1,
            "wireId": 4
        }, {
            "index": 2,
            "wireId": 8
        }]
    }, {
        "name": "and",
        "category": "gate",
        "transform": {
            "items": [{
                "name": "translate",
                "args": [53, 44]
            }]
        },
        "connections": [{
            "index": 0,
            "wireId": 9
        }, {
            "index": 1,
            "wireId": 3
        }, {
            "index": 2,
            "wireId": 10
        }]
    }, {
        "name": "or",
        "category": "gate",
        "transform": {
            "items": [{
                "name": "translate",
                "args": [46, 56]
            }, {
                "name": "rotate",
                "args": ["90", 5, 2]
            }]
        },
        "connections": [{
            "index": 0,
            "wireId": 11
        }, {
            "index": 0,
            "wireId": 12
        }, {
            "index": 1,
            "wireId": 9
        }, {
            "index": 2,
            "wireId": 13
        }]
    }, {
        "name": "xor",
        "category": "gate",
        "transform": {
            "items": [{
                "name": "translate",
                "args": [38, 45]
            }]
        },
        "connections": [{
            "index": 0,
            "wireId": 8
        }, {
            "index": 0,
            "wireId": 10
        }, {
            "index": 1,
            "wireId": 14
        }, {
            "index": 2,
            "wireId": 15
        }]
    }, {
        "name": "and",
        "category": "gate",
        "transform": {
            "items": [{
                "name": "translate",
                "args": [38, 51]
            }]
        },
        "connections": [{
            "index": 0,
            "wireId": 13
        }, {
            "index": 1,
            "wireId": 16
        }, {
            "index": 2,
            "wireId": 17
        }]
    }, {
        "name": "input",
        "category": "other",
        "transform": {
            "items": [{
                "name": "translate",
                "args": [24, 44]
            }]
        },
        "connections": [{
            "index": 0,
            "wireId": 14
        }, {
            "index": 0,
            "wireId": 16
        }],
        "isOn": false
    }, {
        "name": "input",
        "category": "other",
        "transform": {
            "items": [{
                "name": "translate",
                "args": [24, 52]
            }]
        },
        "connections": [{
            "index": 0,
            "wireId": 15
        }, {
            "index": 0,
            "wireId": 17
        }],
        "isOn": false
    }, {
        "name": "output",
        "category": "other",
        "transform": {
            "items": [{
                "name": "translate",
                "args": [76, 22]
            }]
        },
        "connections": [{
            "index": 0,
            "wireId": 0
        }]
    }, {
        "name": "output",
        "category": "other",
        "transform": {
            "items": [{
                "name": "translate",
                "args": [76, 38]
            }]
        },
        "connections": [{
            "index": 0,
            "wireId": 7
        }]
    }, {
        "name": "xor",
        "category": "gate",
        "transform": {
            "items": [{
                "name": "translate",
                "args": [53, 61]
            }]
        },
        "connections": [{
            "index": 0,
            "wireId": 18
        }, {
            "index": 1,
            "wireId": 11
        }, {
            "index": 2,
            "wireId": 19
        }]
    }, {
        "name": "and",
        "category": "gate",
        "transform": {
            "items": [{
                "name": "translate",
                "args": [53, 67]
            }]
        },
        "connections": [{
            "index": 0,
            "wireId": 20
        }, {
            "index": 1,
            "wireId": 12
        }, {
            "index": 2,
            "wireId": 21
        }]
    }, {
        "name": "or",
        "category": "gate",
        "transform": {
            "items": [{
                "name": "translate",
                "args": [46, 79]
            }, {
                "name": "rotate",
                "args": ["90", 5, 2]
            }]
        },
        "connections": [{
            "index": 0,
            "wireId": 22
        }, {
            "index": 0,
            "wireId": 23
        }, {
            "index": 1,
            "wireId": 20
        }, {
            "index": 2,
            "wireId": 24
        }]
    }, {
        "name": "xor",
        "category": "gate",
        "transform": {
            "items": [{
                "name": "translate",
                "args": [38, 68]
            }]
        },
        "connections": [{
            "index": 0,
            "wireId": 19
        }, {
            "index": 0,
            "wireId": 21
        }, {
            "index": 1,
            "wireId": 25
        }, {
            "index": 2,
            "wireId": 26
        }]
    }, {
        "name": "and",
        "category": "gate",
        "transform": {
            "items": [{
                "name": "translate",
                "args": [38, 74]
            }]
        },
        "connections": [{
            "index": 0,
            "wireId": 24
        }, {
            "index": 1,
            "wireId": 27
        }, {
            "index": 2,
            "wireId": 28
        }]
    }, {
        "name": "input",
        "category": "other",
        "transform": {
            "items": [{
                "name": "translate",
                "args": [24, 67]
            }]
        },
        "connections": [{
            "index": 0,
            "wireId": 25
        }, {
            "index": 0,
            "wireId": 27
        }],
        "isOn": false
    }, {
        "name": "input",
        "category": "other",
        "transform": {
            "items": [{
                "name": "translate",
                "args": [24, 75]
            }]
        },
        "connections": [{
            "index": 0,
            "wireId": 26
        }, {
            "index": 0,
            "wireId": 28
        }],
        "isOn": false
    }, {
        "name": "output",
        "category": "other",
        "transform": {
            "items": [{
                "name": "translate",
                "args": [76, 61]
            }]
        },
        "connections": [{
            "index": 0,
            "wireId": 18
        }]
    }, {
        "name": "xor",
        "category": "gate",
        "transform": {
            "items": [{
                "name": "translate",
                "args": [53, 84]
            }]
        },
        "connections": [{
            "index": 0,
            "wireId": 29
        }, {
            "index": 1,
            "wireId": 22
        }, {
            "index": 2,
            "wireId": 30
        }]
    }, {
        "name": "and",
        "category": "gate",
        "transform": {
            "items": [{
                "name": "translate",
                "args": [53, 90]
            }]
        },
        "connections": [{
            "index": 0,
            "wireId": 31
        }, {
            "index": 1,
            "wireId": 23
        }, {
            "index": 2,
            "wireId": 32
        }]
    }, {
        "name": "or",
        "category": "gate",
        "transform": {
            "items": [{
                "name": "translate",
                "args": [46, 102]
            }, {
                "name": "rotate",
                "args": ["90", 5, 2]
            }]
        },
        "connections": [{
            "index": 1,
            "wireId": 31
        }, {
            "index": 2,
            "wireId": 33
        }]
    }, {
        "name": "xor",
        "category": "gate",
        "transform": {
            "items": [{
                "name": "translate",
                "args": [38, 91]
            }]
        },
        "connections": [{
            "index": 0,
            "wireId": 30
        }, {
            "index": 0,
            "wireId": 32
        }, {
            "index": 1,
            "wireId": 34
        }, {
            "index": 2,
            "wireId": 35
        }]
    }, {
        "name": "and",
        "category": "gate",
        "transform": {
            "items": [{
                "name": "translate",
                "args": [38, 97]
            }]
        },
        "connections": [{
            "index": 0,
            "wireId": 33
        }, {
            "index": 1,
            "wireId": 36
        }, {
            "index": 2,
            "wireId": 37
        }]
    }, {
        "name": "input",
        "category": "other",
        "transform": {
            "items": [{
                "name": "translate",
                "args": [24, 90]
            }]
        },
        "connections": [{
            "index": 0,
            "wireId": 34
        }, {
            "index": 0,
            "wireId": 36
        }],
        "isOn": false
    }, {
        "name": "input",
        "category": "other",
        "transform": {
            "items": [{
                "name": "translate",
                "args": [24, 98]
            }]
        },
        "connections": [{
            "index": 0,
            "wireId": 35
        }, {
            "index": 0,
            "wireId": 37
        }],
        "isOn": false
    }, {
        "name": "output",
        "category": "other",
        "transform": {
            "items": [{
                "name": "translate",
                "args": [76, 84]
            }]
        },
        "connections": [{
            "index": 0,
            "wireId": 29
        }]
    }]
}