{
    "name": "3-bit demultiplexer",
    "boxes": [{
            "name": "input",
            "category": "other",
            "transform": {
                "items": [{
                    "name": "translate",
                    "args": [
                        10,
                        64
                    ]
                }]
            },
            "connections": [{
                    "index": 0,
                    "wireId": 0
                },
                {
                    "index": 0,
                    "wireId": 1
                }
            ],
            "isOn": false
        },
        {
            "name": "input",
            "category": "other",
            "transform": {
                "items": [{
                    "name": "translate",
                    "args": [
                        10,
                        75
                    ]
                }]
            },
            "connections": [{
                    "index": 0,
                    "wireId": 2
                },
                {
                    "index": 0,
                    "wireId": 3
                }
            ],
            "isOn": false
        },
        {
            "name": "input",
            "category": "other",
            "transform": {
                "items": [{
                    "name": "translate",
                    "args": [
                        10,
                        86
                    ]
                }]
            },
            "connections": [{
                    "index": 0,
                    "wireId": 4
                },
                {
                    "index": 0,
                    "wireId": 5
                }
            ],
            "isOn": false
        },
        {
            "name": "and",
            "category": "gate",
            "transform": {
                "items": [{
                        "name": "translate",
                        "args": [
                            51,
                            85
                        ]
                    },
                    {
                        "name": "rotate",
                        "args": [
                            "0",
                            1,
                            4
                        ]
                    }
                ]
            },
            "connections": [{
                    "index": 0,
                    "wireId": 6
                },
                {
                    "index": 1,
                    "wireId": 7
                },
                {
                    "index": 2,
                    "wireId": 8
                }
            ]
        },
        {
            "name": "and",
            "category": "gate",
            "transform": {
                "items": [{
                    "name": "translate",
                    "args": [
                        65,
                        84
                    ]
                }]
            },
            "connections": [{
                    "index": 0,
                    "wireId": 9
                },
                {
                    "index": 1,
                    "wireId": 10
                },
                {
                    "index": 2,
                    "wireId": 6
                }
            ]
        },
        {
            "name": "and",
            "category": "gate",
            "transform": {
                "items": [{
                    "name": "translate",
                    "args": [
                        65,
                        73
                    ]
                }]
            },
            "connections": [{
                    "index": 0,
                    "wireId": 11
                },
                {
                    "index": 1,
                    "wireId": 12
                },
                {
                    "index": 2,
                    "wireId": 13
                }
            ]
        },
        {
            "name": "and",
            "category": "gate",
            "transform": {
                "items": [{
                    "name": "translate",
                    "args": [
                        51,
                        74
                    ]
                }]
            },
            "connections": [{
                    "index": 0,
                    "wireId": 13
                },
                {
                    "index": 1,
                    "wireId": 14
                },
                {
                    "index": 2,
                    "wireId": 15
                }
            ]
        },
        {
            "name": "and",
            "category": "gate",
            "transform": {
                "items": [{
                    "name": "translate",
                    "args": [
                        65,
                        62
                    ]
                }]
            },
            "connections": [{
                    "index": 0,
                    "wireId": 16
                },
                {
                    "index": 1,
                    "wireId": 17
                },
                {
                    "index": 2,
                    "wireId": 18
                }
            ]
        },
        {
            "name": "and",
            "category": "gate",
            "transform": {
                "items": [{
                        "name": "translate",
                        "args": [
                            51,
                            63
                        ]
                    },
                    {
                        "name": "rotate",
                        "args": [
                            "0",
                            1,
                            2
                        ]
                    }
                ]
            },
            "connections": [{
                    "index": 0,
                    "wireId": 18
                },
                {
                    "index": 1,
                    "wireId": 19
                },
                {
                    "index": 2,
                    "wireId": 20
                }
            ]
        },
        {
            "name": "and",
            "category": "gate",
            "transform": {
                "items": [{
                    "name": "translate",
                    "args": [
                        65,
                        51
                    ]
                }]
            },
            "connections": [{
                    "index": 0,
                    "wireId": 21
                },
                {
                    "index": 1,
                    "wireId": 22
                },
                {
                    "index": 2,
                    "wireId": 23
                }
            ]
        },
        {
            "name": "and",
            "category": "gate",
            "transform": {
                "items": [{
                    "name": "translate",
                    "args": [
                        51,
                        52
                    ]
                }]
            },
            "connections": [{
                    "index": 0,
                    "wireId": 23
                },
                {
                    "index": 1,
                    "wireId": 24
                },
                {
                    "index": 2,
                    "wireId": 25
                }
            ]
        },
        {
            "name": "and",
            "category": "gate",
            "transform": {
                "items": [{
                    "name": "translate",
                    "args": [
                        65,
                        40
                    ]
                }]
            },
            "connections": [{
                    "index": 0,
                    "wireId": 26
                },
                {
                    "index": 1,
                    "wireId": 27
                },
                {
                    "index": 2,
                    "wireId": 28
                }
            ]
        },
        {
            "name": "and",
            "category": "gate",
            "transform": {
                "items": [{
                    "name": "translate",
                    "args": [
                        51,
                        41
                    ]
                }]
            },
            "connections": [{
                    "index": 0,
                    "wireId": 28
                },
                {
                    "index": 1,
                    "wireId": 29
                },
                {
                    "index": 2,
                    "wireId": 30
                }
            ]
        },
        {
            "name": "and",
            "category": "gate",
            "transform": {
                "items": [{
                    "name": "translate",
                    "args": [
                        65,
                        29
                    ]
                }]
            },
            "connections": [{
                    "index": 0,
                    "wireId": 31
                },
                {
                    "index": 1,
                    "wireId": 32
                },
                {
                    "index": 2,
                    "wireId": 33
                }
            ]
        },
        {
            "name": "and",
            "category": "gate",
            "transform": {
                "items": [{
                    "name": "translate",
                    "args": [
                        51,
                        30
                    ]
                }]
            },
            "connections": [{
                    "index": 0,
                    "wireId": 33
                },
                {
                    "index": 1,
                    "wireId": 34
                },
                {
                    "index": 2,
                    "wireId": 35
                }
            ]
        },
        {
            "name": "and",
            "category": "gate",
            "transform": {
                "items": [{
                    "name": "translate",
                    "args": [
                        65,
                        18
                    ]
                }]
            },
            "connections": [{
                    "index": 0,
                    "wireId": 36
                },
                {
                    "index": 1,
                    "wireId": 37
                },
                {
                    "index": 2,
                    "wireId": 38
                }
            ]
        },
        {
            "name": "and",
            "category": "gate",
            "transform": {
                "items": [{
                    "name": "translate",
                    "args": [
                        51,
                        19
                    ]
                }]
            },
            "connections": [{
                    "index": 0,
                    "wireId": 38
                },
                {
                    "index": 1,
                    "wireId": 39
                },
                {
                    "index": 2,
                    "wireId": 40
                }
            ]
        },
        {
            "name": "and",
            "category": "gate",
            "transform": {
                "items": [{
                    "name": "translate",
                    "args": [
                        65,
                        7
                    ]
                }]
            },
            "connections": [{
                    "index": 0,
                    "wireId": 41
                },
                {
                    "index": 1,
                    "wireId": 42
                },
                {
                    "index": 2,
                    "wireId": 43
                }
            ]
        },
        {
            "name": "and",
            "category": "gate",
            "transform": {
                "items": [{
                    "name": "translate",
                    "args": [
                        51,
                        8
                    ]
                }]
            },
            "connections": [{
                    "index": 0,
                    "wireId": 43
                },
                {
                    "index": 1,
                    "wireId": 44
                },
                {
                    "index": 2,
                    "wireId": 45
                }
            ]
        },
        {
            "name": "output",
            "category": "other",
            "transform": {
                "items": [{
                    "name": "translate",
                    "args": [
                        79,
                        84
                    ]
                }]
            },
            "connections": [{
                "index": 0,
                "wireId": 9
            }]
        },
        {
            "name": "output",
            "category": "other",
            "transform": {
                "items": [{
                    "name": "translate",
                    "args": [
                        79,
                        73
                    ]
                }]
            },
            "connections": [{
                "index": 0,
                "wireId": 11
            }]
        },
        {
            "name": "output",
            "category": "other",
            "transform": {
                "items": [{
                    "name": "translate",
                    "args": [
                        79,
                        62
                    ]
                }]
            },
            "connections": [{
                "index": 0,
                "wireId": 16
            }]
        },
        {
            "name": "output",
            "category": "other",
            "transform": {
                "items": [{
                    "name": "translate",
                    "args": [
                        79,
                        51
                    ]
                }]
            },
            "connections": [{
                "index": 0,
                "wireId": 21
            }]
        },
        {
            "name": "output",
            "category": "other",
            "transform": {
                "items": [{
                    "name": "translate",
                    "args": [
                        79,
                        40
                    ]
                }]
            },
            "connections": [{
                "index": 0,
                "wireId": 26
            }]
        },
        {
            "name": "output",
            "category": "other",
            "transform": {
                "items": [{
                    "name": "translate",
                    "args": [
                        79,
                        29
                    ]
                }]
            },
            "connections": [{
                "index": 0,
                "wireId": 31
            }]
        },
        {
            "name": "output",
            "category": "other",
            "transform": {
                "items": [{
                    "name": "translate",
                    "args": [
                        79,
                        18
                    ]
                }]
            },
            "connections": [{
                "index": 0,
                "wireId": 36
            }]
        },
        {
            "name": "output",
            "category": "other",
            "transform": {
                "items": [{
                    "name": "translate",
                    "args": [
                        79,
                        7
                    ]
                }]
            },
            "connections": [{
                "index": 0,
                "wireId": 41
            }]
        },
        {
            "name": "not",
            "category": "gate",
            "transform": {
                "items": [{
                        "name": "translate",
                        "args": [
                            29,
                            31
                        ]
                    },
                    {
                        "name": "rotate",
                        "args": [
                            "0",
                            1,
                            3
                        ]
                    }
                ]
            },
            "connections": [{
                    "index": 0,
                    "wireId": 46
                },
                {
                    "index": 0,
                    "wireId": 47
                },
                {
                    "index": 0,
                    "wireId": 48
                },
                {
                    "index": 0,
                    "wireId": 49
                },
                {
                    "index": 1,
                    "wireId": 1
                }
            ]
        },
        {
            "name": "not",
            "category": "gate",
            "transform": {
                "items": [{
                        "name": "translate",
                        "args": [
                            29,
                            20
                        ]
                    },
                    {
                        "name": "rotate",
                        "args": [
                            "0",
                            1,
                            3
                        ]
                    }
                ]
            },
            "connections": [{
                    "index": 0,
                    "wireId": 39
                },
                {
                    "index": 0,
                    "wireId": 44
                },
                {
                    "index": 0,
                    "wireId": 24
                },
                {
                    "index": 0,
                    "wireId": 19
                },
                {
                    "index": 1,
                    "wireId": 3
                }
            ]
        },
        {
            "name": "not",
            "category": "gate",
            "transform": {
                "items": [{
                    "name": "translate",
                    "args": [
                        29,
                        9
                    ]
                }]
            },
            "connections": [{
                    "index": 0,
                    "wireId": 45
                },
                {
                    "index": 0,
                    "wireId": 40
                },
                {
                    "index": 0,
                    "wireId": 35
                },
                {
                    "index": 0,
                    "wireId": 30
                },
                {
                    "index": 1,
                    "wireId": 5
                }
            ]
        },
        {
            "name": "repeater",
            "category": "other",
            "transform": {
                "items": [{
                    "name": "translate",
                    "args": [
                        29,
                        64
                    ]
                }]
            },
            "connections": [{
                    "index": 0,
                    "wireId": 0
                },
                {
                    "index": 1,
                    "wireId": 50
                },
                {
                    "index": 1,
                    "wireId": 51
                },
                {
                    "index": 1,
                    "wireId": 52
                },
                {
                    "index": 1,
                    "wireId": 53
                }
            ]
        },
        {
            "name": "repeater",
            "category": "other",
            "transform": {
                "items": [{
                    "name": "translate",
                    "args": [
                        29,
                        75
                    ]
                }]
            },
            "connections": [{
                    "index": 0,
                    "wireId": 2
                },
                {
                    "index": 1,
                    "wireId": 14
                },
                {
                    "index": 1,
                    "wireId": 7
                },
                {
                    "index": 1,
                    "wireId": 29
                },
                {
                    "index": 1,
                    "wireId": 34
                }
            ]
        },
        {
            "name": "repeater",
            "category": "other",
            "transform": {
                "items": [{
                    "name": "translate",
                    "args": [
                        29,
                        86
                    ]
                }]
            },
            "connections": [{
                    "index": 0,
                    "wireId": 4
                },
                {
                    "index": 1,
                    "wireId": 8
                },
                {
                    "index": 1,
                    "wireId": 15
                },
                {
                    "index": 1,
                    "wireId": 20
                },
                {
                    "index": 1,
                    "wireId": 25
                }
            ]
        },
        {
            "name": "repeater",
            "category": "other",
            "transform": {
                "items": [{
                    "name": "translate",
                    "args": [
                        51,
                        4
                    ]
                }]
            },
            "connections": [{
                    "index": 0,
                    "wireId": 48
                },
                {
                    "index": 1,
                    "wireId": 42
                }
            ]
        },
        {
            "name": "repeater",
            "category": "other",
            "transform": {
                "items": [{
                    "name": "translate",
                    "args": [
                        51,
                        15
                    ]
                }]
            },
            "connections": [{
                    "index": 0,
                    "wireId": 53
                },
                {
                    "index": 1,
                    "wireId": 37
                }
            ]
        },
        {
            "name": "repeater",
            "category": "other",
            "transform": {
                "items": [{
                    "name": "translate",
                    "args": [
                        51,
                        26
                    ]
                }]
            },
            "connections": [{
                    "index": 0,
                    "wireId": 46
                },
                {
                    "index": 1,
                    "wireId": 32
                }
            ]
        },
        {
            "name": "repeater",
            "category": "other",
            "transform": {
                "items": [{
                    "name": "translate",
                    "args": [
                        51,
                        37
                    ]
                }]
            },
            "connections": [{
                    "index": 0,
                    "wireId": 52
                },
                {
                    "index": 1,
                    "wireId": 27
                }
            ]
        },
        {
            "name": "repeater",
            "category": "other",
            "transform": {
                "items": [{
                    "name": "translate",
                    "args": [
                        51,
                        48
                    ]
                }]
            },
            "connections": [{
                    "index": 0,
                    "wireId": 47
                },
                {
                    "index": 1,
                    "wireId": 22
                }
            ]
        },
        {
            "name": "repeater",
            "category": "other",
            "transform": {
                "items": [{
                    "name": "translate",
                    "args": [
                        51,
                        59
                    ]
                }]
            },
            "connections": [{
                    "index": 0,
                    "wireId": 50
                },
                {
                    "index": 1,
                    "wireId": 17
                }
            ]
        },
        {
            "name": "repeater",
            "category": "other",
            "transform": {
                "items": [{
                    "name": "translate",
                    "args": [
                        51,
                        70
                    ]
                }]
            },
            "connections": [{
                    "index": 0,
                    "wireId": 49
                },
                {
                    "index": 1,
                    "wireId": 12
                }
            ]
        },
        {
            "name": "repeater",
            "category": "other",
            "transform": {
                "items": [{
                    "name": "translate",
                    "args": [
                        51,
                        81
                    ]
                }]
            },
            "connections": [{
                    "index": 0,
                    "wireId": 51
                },
                {
                    "index": 1,
                    "wireId": 10
                }
            ]
        }
    ],
    "blackbox": {
        "inputs": 3,
        "outputs": 8,
        "table": [
            [
                2,
                2,
                2,
                1,
                2,
                2,
                2,
                2,
                2,
                2,
                2
            ],
            [
                1,
                2,
                2,
                2,
                1,
                2,
                2,
                2,
                2,
                2,
                2
            ],
            [
                2,
                1,
                2,
                2,
                2,
                1,
                2,
                2,
                2,
                2,
                2
            ],
            [
                1,
                1,
                2,
                2,
                2,
                2,
                1,
                2,
                2,
                2,
                2
            ],
            [
                2,
                2,
                1,
                2,
                2,
                2,
                2,
                1,
                2,
                2,
                2
            ],
            [
                1,
                2,
                1,
                2,
                2,
                2,
                2,
                2,
                1,
                2,
                2
            ],
            [
                2,
                1,
                1,
                2,
                2,
                2,
                2,
                2,
                2,
                1,
                2
            ],
            [
                1,
                1,
                1,
                2,
                2,
                2,
                2,
                2,
                2,
                2,
                1
            ]
        ]
    }
}