{"networks":[{"name":"3-bit demultiplexer","file":"3-bit-demux","hasNetwork":true,"hasTable":true},{"name":"Half adder","file":"half-adder","hasNetwork":true,"hasTable":true},{"name":"Half subtractor","file":"half-subtractor","hasNetwork":true,"hasTable":true},{"name":"HEX inverter","file":"hex-inverter","hasNetwork":true,"hasTable":true},{"name":"RS NAND latch","file":"rs-nand-latch","hasNetwork":true,"hasTable":false},{"name":"XOR, AND, OR adder","file":"xor-and-or-adder","hasNetwork":true,"hasTable":true},{"name":"XOR, AND, OR subtractor","file":"xor-and-or-subtractor","hasNetwork":true,"hasTable":true}]}